frame,time_s,mean_speed_px_per_frame,moving_fraction,camera_dx_px_per_frame,camera_dy_px_per_frame,moving_objects,speed_of_moving_pixels,camera_zoom_per_frame,camera_rotation_deg_per_frame
1,0.033,0.385,0.1046,0.314,-1.267,4,2.036,0.99886,-0.0962
2,0.067,0.271,0.0765,-0.090,-0.503,0,1.412,0.99976,-0.0414
3,0.100,0.231,0.0628,-0.502,0.032,0,1.180,1.00002,-0.0485
4,0.133,0.527,0.2595,-1.131,0.701,1,1.597,1.00043,-0.0374
5,0.167,0.588,0.2961,-1.248,0.897,0,1.689,1.00050,-0.0422
6,0.200,0.681,0.3455,-1.529,0.959,3,1.831,1.00063,-0.0453
7,0.233,0.772,0.3656,-1.593,0.841,3,2.021,1.00068,-0.0435
8,0.267,0.815,0.3667,-1.915,1.092,1,2.134,1.00084,-0.0404
9,0.300,0.898,0.3684,-1.892,0.964,2,2.355,1.00108,-0.0476
10,0.333,0.969,0.3744,-2.072,1.027,3,2.516,1.00111,-0.0447
11,0.367,0.943,0.3712,-2.000,0.868,4,2.465,1.00101,-0.0495
12,0.400,0.985,0.3720,-2.114,0.991,3,2.576,1.00127,-0.0445
13,0.433,0.996,0.3731,-2.218,1.124,3,2.600,1.00141,-0.0409
14,0.467,1.077,0.3737,-2.209,1.147,3,2.814,1.00132,-0.0462
15,0.500,1.329,0.3763,-2.602,1.217,4,3.474,1.00143,-0.0394
16,0.533,1.447,0.3748,-2.614,1.270,4,3.801,1.00078,-0.0444
17,0.567,1.580,0.3711,-2.581,1.367,6,4.199,1.00092,-0.0379
18,0.600,1.846,0.3591,-1.622,1.403,4,5.071,1.00086,-0.0285
19,0.633,1.919,0.3528,-0.893,1.451,6,5.360,1.00053,-0.0298
20,0.667,2.071,0.3396,-0.067,1.512,8,5.994,1.00032,-0.0219
21,0.700,1.732,0.3286,0.352,1.470,8,5.155,1.00029,-0.0261
22,0.733,1.762,0.3255,0.392,1.494,8,5.291,1.00031,-0.0307
23,0.767,1.552,0.3101,0.488,1.466,10,4.844,1.00064,-0.0238
24,0.800,1.397,0.3219,0.362,1.408,7,4.197,1.00019,-0.0234
25,0.833,1.226,0.2921,0.281,1.206,6,3.957,1.00025,-0.0174
26,0.867,1.032,0.2570,1.401,2.643,4,3.594,1.00392,-0.1241
27,0.900,1.055,0.2365,1.037,2.237,4,3.937,1.00343,-0.0983
28,0.933,0.908,0.2241,0.125,1.230,4,3.472,1.00109,-0.0239
29,0.967,0.755,0.1913,0.391,1.394,4,3.098,1.00209,-0.0621
30,1.000,0.609,0.2073,-0.133,0.872,3,2.143,1.00101,-0.0320
31,1.033,0.630,0.1697,0.058,0.824,3,2.671,1.00144,-0.0391
32,1.067,0.805,0.1483,-0.126,0.466,2,4.213,1.00077,-0.0297
33,1.100,0.844,0.1336,-0.175,0.432,4,4.988,1.00036,-0.0218
34,1.133,0.918,0.1240,-0.324,0.389,3,5.932,1.00069,-0.0217
35,1.167,0.923,0.1221,-0.537,0.475,6,5.806,1.00072,-0.0162
36,1.200,0.966,0.1352,-0.674,0.503,5,5.533,1.00048,-0.0034
37,1.233,0.973,0.1561,-0.708,0.535,4,4.951,1.00038,-0.0106
38,1.267,0.920,0.1823,-0.818,0.620,3,4.065,1.00049,-0.0015
39,1.300,0.830,0.2267,-1.013,0.650,1,3.013,1.00026,0.0205
40,1.333,0.692,0.1704,-0.508,0.571,1,3.182,1.00056,0.0025
41,1.367,0.581,0.1583,-0.679,0.614,2,2.665,1.00043,0.0129
42,1.400,0.424,0.1193,-0.625,0.326,2,2.061,1.00039,0.0087
43,1.433,0.401,0.0934,-0.584,0.231,2,2.313,1.00025,0.0065
44,1.467,0.488,0.1401,-0.794,0.042,1,2.302,0.99993,0.0128
45,1.500,0.589,0.1588,-0.874,0.284,1,2.609,0.99977,0.0173
46,1.533,0.509,0.1137,-0.754,0.135,1,2.694,1.00004,0.0189
47,1.567,0.595,0.1657,-1.120,0.105,2,2.567,1.00001,0.0308
48,1.600,0.770,0.2067,-0.903,0.221,3,2.962,0.99984,0.0126
49,1.633,0.797,0.2082,-0.822,0.091,2,3.132,0.99969,0.0191
50,1.667,0.724,0.1909,-0.781,0.056,2,3.002,0.99965,0.0164
51,1.700,0.598,0.1714,-0.469,-0.177,1,2.814,0.99959,0.0141
52,1.733,0.521,0.1615,-0.569,-0.169,2,2.525,0.99958,0.0212
53,1.767,0.457,0.1157,-0.481,-0.153,1,2.724,0.99956,0.0214
54,1.800,0.352,0.0993,-0.319,-0.151,1,2.393,0.99968,0.0210
55,1.833,0.326,0.1246,-0.444,0.128,4,1.947,1.00002,0.0267
56,1.867,0.369,0.1388,-0.071,0.073,2,2.079,0.99997,0.0267
57,1.900,0.482,0.1503,0.060,0.144,1,2.580,0.99965,0.0218
58,1.933,0.614,0.1503,0.218,0.252,2,3.289,1.00003,0.0272
59,1.967,0.710,0.1650,0.402,0.281,1,3.493,0.99984,0.0256
60,2.000,0.649,0.1625,0.498,0.133,1,3.191,0.99963,0.0253
61,2.033,0.542,0.1594,0.365,0.130,1,2.649,0.99959,0.0297
62,2.067,0.455,0.1490,0.354,-0.019,1,2.248,0.99961,0.0254
63,2.100,0.499,0.1519,0.303,-0.008,2,2.476,0.99961,0.0316
64,2.133,0.571,0.1595,0.350,-0.206,1,2.797,0.99970,0.0320
65,2.167,0.624,0.1548,0.479,-0.240,1,3.049,0.99992,0.0279
66,2.200,0.592,0.1676,0.504,-0.248,2,2.687,1.00004,0.0297
67,2.233,0.608,0.1608,0.451,-0.330,2,2.862,0.99999,0.0253
68,2.267,0.696,0.1606,0.451,-0.314,2,3.470,1.00001,0.0258
69,2.300,0.717,0.1571,0.288,-0.197,3,3.837,0.99997,0.0279
70,2.333,0.675,0.1476,0.268,-0.273,2,3.802,0.99984,0.0209
71,2.367,0.642,0.1503,0.258,-0.250,2,3.555,0.99988,0.0261
72,2.400,0.607,0.1455,0.235,-0.265,2,3.413,1.00001,0.0235
73,2.433,0.602,0.1507,0.200,-0.369,1,3.164,0.99970,0.0281
74,2.467,0.550,0.1533,0.226,-0.426,1,2.743,0.99976,0.0219
75,2.500,0.497,0.1531,0.114,-0.469,1,2.342,0.99990,0.0271
76,2.533,0.532,0.1513,0.185,-0.503,2,2.582,0.99982,0.0196
77,2.567,0.511,0.1325,0.217,-0.420,2,2.757,0.99986,0.0238
78,2.600,0.547,0.1265,0.112,-0.487,2,3.147,0.99977,0.0211
79,2.633,0.612,0.1500,0.067,-0.519,1,3.138,0.99967,0.0185
80,2.667,0.472,0.1738,0.010,-0.858,3,1.922,0.99932,0.0271
81,2.700,0.521,0.1455,0.138,-0.656,1,2.482,0.99929,0.0200
82,2.733,0.590,0.1785,0.342,-0.853,1,2.529,0.99923,0.0123
83,2.767,0.773,0.1846,0.257,-0.657,2,3.483,0.99923,0.0100
84,2.800,0.759,0.1623,0.377,-0.657,1,3.799,0.99927,0.0145
85,2.833,0.727,0.1353,0.462,-0.771,3,4.094,0.99955,0.0096
86,2.867,0.715,0.1271,0.611,-0.859,4,4.388,0.99903,-0.0159
87,2.900,0.728,0.1269,0.477,-0.708,4,4.502,0.99943,0.0075
88,2.933,0.857,0.1388,0.464,-0.819,5,5.021,0.99950,0.0121
89,2.967,0.804,0.1391,0.433,-0.696,5,4.688,0.99966,0.0050
90,3.000,0.676,0.1169,0.255,-0.626,4,4.330,0.99967,0.0110
91,3.033,0.585,0.1216,0.390,-0.591,4,3.492,0.99975,0.0031
92,3.067,0.616,0.0956,0.356,-0.517,4,4.583,0.99999,0.0080
93,3.100,0.567,0.0845,0.262,-0.423,3,4.895,0.99972,0.0112
94,3.133,0.646,0.0939,0.121,-0.526,3,5.160,0.99976,0.0071
95,3.166,0.769,0.1071,-0.001,-0.465,3,5.782,0.99983,0.0096
96,3.200,0.859,0.1951,-0.553,-0.655,4,3.542,1.00048,0.0062
97,3.233,0.824,0.2540,-1.032,-0.415,1,2.699,1.00076,0.0108
98,3.266,0.884,0.2723,-1.106,-0.224,1,2.768,1.00120,0.0202
99,3.300,0.779,0.2120,-0.816,-0.292,2,2.914,1.00060,0.0134
100,3.333,0.732,0.2321,-0.725,-0.536,1,2.526,1.00072,0.0102
101,3.366,0.764,0.1644,-0.533,-0.495,1,3.517,1.00056,0.0128
102,3.400,0.618,0.1289,-0.312,-0.446,2,3.495,1.00015,0.0143
103,3.433,0.468,0.1220,0.003,-0.358,3,2.762,1.00020,-0.0007
104,3.466,0.386,0.1114,0.101,-0.243,3,2.433,0.99976,0.0074
105,3.500,0.410,0.1161,0.232,-0.230,2,2.473,0.99989,0.0056
106,3.533,0.441,0.1233,0.458,-0.194,3,2.378,0.99968,0.0018
107,3.566,0.484,0.1252,0.625,0.057,2,2.551,0.99980,-0.0048
108,3.600,0.483,0.1231,0.643,0.092,1,2.508,0.99991,-0.0044
109,3.633,0.402,0.1166,0.568,0.297,1,2.031,1.00000,-0.0005
110,3.666,0.262,0.0633,0.363,0.211,3,1.779,0.99996,0.0012
111,3.700,0.322,0.0817,0.123,0.355,3,2.074,1.00036,0.0022
112,3.733,0.407,0.1038,0.233,0.279,2,2.630,0.99989,0.0068
113,3.766,0.462,0.1157,0.058,0.242,3,2.878,0.99964,0.0104
114,3.800,0.499,0.1530,-0.935,-0.041,6,2.448,0.99857,0.1063
115,3.833,0.515,0.1667,0.123,0.118,2,2.536,0.99989,0.0041
116,3.866,0.603,0.1779,-2.267,-0.804,5,2.963,0.99745,0.2321
117,3.900,0.539,0.1525,-0.086,-0.086,2,2.980,0.99986,0.0146
118,3.933,0.497,0.1517,-1.308,-0.118,5,2.725,0.99875,0.1525
119,3.966,0.507,0.1497,-1.568,-0.239,7,2.817,0.99826,0.1633
120,4.000,0.565,0.1629,-1.871,-0.081,7,2.972,0.99841,0.2094
121,4.033,0.569,0.1727,-3.060,-0.707,5,2.803,0.99662,0.2970
122,4.066,0.561,0.1697,-3.492,-0.309,7,2.791,0.99709,0.3469
123,4.100,0.595,0.1697,-3.061,0.472,11,2.777,0.99832,0.3130
124,4.133,0.519,0.1630,-3.035,0.850,7,2.471,0.99914,0.3304
125,4.166,0.508,0.1609,-2.611,1.190,8,2.330,0.99969,0.3258
126,4.200,0.445,0.1506,-2.202,0.545,7,2.099,0.99873,0.2662
127,4.233,0.367,0.1281,0.237,0.398,3,1.561,0.99962,0.0181
128,4.266,0.275,0.0455,0.282,0.227,2,1.805,0.99975,0.0228
129,4.300,0.337,0.0522,0.627,0.325,2,1.767,0.99970,0.0090
130,4.333,0.436,0.1838,-0.496,0.901,6,1.500,0.99943,0.1684
131,4.366,0.415,0.1439,0.089,0.903,5,1.548,0.99986,0.0957
132,4.400,0.384,0.1596,0.145,0.820,3,1.205,0.99989,0.0783
133,4.433,0.303,0.0554,-0.244,0.695,4,1.318,1.00000,0.1108
134,4.466,0.367,0.1152,-0.935,0.428,5,1.351,0.99887,0.1775
135,4.500,0.355,0.1064,-0.589,0.757,4,1.367,0.99984,0.1595
136,4.533,0.388,0.1325,-1.283,0.600,7,1.486,0.99908,0.2131
137,4.566,0.467,0.1458,0.473,0.370,3,2.011,0.99974,0.0123
138,4.600,0.471,0.1419,0.414,0.357,3,2.163,0.99983,0.0085
139,4.633,0.409,0.1305,0.345,0.232,4,1.850,0.99992,0.0260
140,4.666,0.491,0.1481,0.591,0.088,4,2.132,0.99999,0.0145
141,4.700,0.533,0.1553,0.721,0.182,4,2.207,1.00004,0.0087
142,4.733,0.475,0.2139,-0.603,0.659,6,1.434,0.99953,0.1824
143,4.766,0.395,0.1345,-0.667,0.791,8,1.439,0.99954,0.1811
144,4.800,0.479,0.2283,-0.650,1.209,9,1.357,0.99975,0.1759
145,4.833,0.487,0.2524,0.295,1.056,3,1.340,0.99982,0.0394
146,4.866,0.496,0.2454,0.531,0.949,1,1.397,0.99968,0.0248
147,4.900,0.470,0.2405,0.497,0.989,2,1.352,0.99958,0.0245
148,4.933,0.466,0.2191,-0.265,1.050,5,1.353,0.99928,0.1297
149,4.966,0.428,0.1734,-0.816,0.903,6,1.465,0.99867,0.1681
150,5.000,0.445,0.1885,-0.640,0.834,4,1.506,0.99884,0.1453
151,5.033,0.485,0.2034,-0.101,0.904,5,1.517,0.99903,0.0974
152,5.066,0.553,0.3075,-0.618,1.318,6,1.461,0.99960,0.1571
153,5.100,0.715,0.3669,-0.481,1.527,4,1.773,0.99926,0.1563
154,5.133,0.759,0.3704,0.413,1.372,2,1.884,0.99945,0.0405
155,5.166,0.756,0.3711,0.603,1.416,2,1.869,0.99925,0.0331
156,5.200,0.709,0.3413,0.684,1.189,3,1.842,0.99853,0.0252
157,5.233,0.580,0.3056,0.610,1.164,1,1.545,0.99928,0.0160
158,5.266,0.634,0.3558,0.419,1.348,1,1.575,0.99961,0.0216
159,5.300,0.612,0.3623,0.458,1.321,2,1.507,0.99988,0.0123
160,5.333,0.674,0.3624,0.315,1.306,1,1.682,0.99979,0.0089
161,5.366,0.618,0.2780,0.285,1.042,1,1.759,0.99971,0.0092
162,5.400,0.538,0.1778,0.473,0.796,1,1.873,0.99973,0.0036
163,5.433,0.568,0.1775,0.677,0.588,1,2.107,0.99953,-0.0109
164,5.466,0.726,0.1821,0.814,0.464,1,2.927,0.99959,-0.0191
165,5.500,0.799,0.1730,0.785,0.526,1,3.464,0.99976,-0.0165
166,5.533,0.819,0.1748,0.130,0.763,1,3.522,0.99981,0.0264
167,5.566,0.863,0.1829,0.968,0.530,1,3.691,0.99973,-0.0261
168,5.600,0.808,0.1067,0.232,0.494,2,5.706,0.99988,0.0141
169,5.633,0.841,0.1022,0.366,0.557,4,6.141,0.99970,-0.0039
170,5.666,0.923,0.1223,0.052,0.755,2,5.678,0.99976,0.0019
171,5.700,0.962,0.3087,-0.145,1.129,1,2.769,0.99986,0.0144
172,5.733,0.933,0.2874,-0.238,1.144,2,2.803,0.99977,0.0177
173,5.766,0.745,0.3059,-0.274,1.082,4,2.061,0.99979,0.0276
174,5.800,0.656,0.1499,-0.103,0.801,2,2.831,0.99969,0.0170
175,5.833,0.692,0.1350,0.159,0.629,1,3.622,0.99997,0.0027
176,5.866,0.582,0.1308,0.415,0.521,2,2.906,0.99988,0.0024
177,5.900,0.595,0.1340,0.645,0.453,4,2.777,1.00003,-0.0082
178,5.933,0.565,0.1254,0.397,0.465,4,2.941,1.00006,0.0020
179,5.966,0.451,0.1187,0.076,0.434,2,2.263,0.99978,0.0076
180,6.000,0.446,0.1235,-0.216,0.553,3,1.889,0.99963,0.0231
181,6.033,0.428,0.1428,-0.419,0.657,3,1.582,0.99974,0.0403
182,6.066,0.368,0.0748,-0.949,0.538,6,1.806,0.99884,0.1087
183,6.100,0.432,0.1130,-1.307,1.028,4,1.766,0.99961,0.1781
184,6.133,0.505,0.1460,0.164,0.667,3,2.140,0.99992,0.0137
185,6.166,0.659,0.1610,0.378,0.542,1,2.980,0.99997,0.0049
186,6.200,0.730,0.1727,0.424,0.428,1,3.296,0.99997,0.0077
187,6.233,0.646,0.1706,0.532,0.360,2,2.758,0.99980,0.0089
188,6.266,0.476,0.1434,0.397,0.046,1,2.085,0.99953,0.0143
189,6.300,0.396,0.1097,-0.924,-0.230,9,1.895,0.99829,0.1521
190,6.333,0.406,0.0842,0.050,0.086,1,2.717,0.99976,0.0291
191,6.366,0.526,0.1565,0.342,-0.072,1,2.550,0.99987,0.0087
192,6.400,0.541,0.1664,-1.044,0.070,5,2.395,0.99944,0.1736
193,6.433,0.491,0.1699,0.497,-0.039,2,2.010,1.00010,0.0127
194,6.466,0.416,0.1411,-1.590,-0.188,9,1.796,0.99848,0.2488
195,6.500,0.342,0.1097,-1.313,-0.218,8,1.524,0.99828,0.2280
196,6.533,0.354,0.0925,0.205,-0.512,2,1.812,0.99961,0.0256
197,6.566,0.489,0.1613,0.310,-0.815,1,2.036,0.99934,0.0158
198,6.600,0.554,0.1652,-0.620,-1.833,8,2.389,0.99664,0.0782
199,6.633,0.596,0.1597,0.367,-0.376,2,2.794,0.99984,0.0195
200,6.666,0.592,0.1580,-0.941,-1.563,6,2.822,0.99679,0.1298
201,6.700,0.545,0.1640,-1.034,-1.223,5,2.337,0.99768,0.1322
202,6.733,0.489,0.1517,-0.373,-0.747,4,2.110,0.99974,0.0513
203,6.766,0.468,0.1481,-1.043,-0.410,4,1.927,0.99955,0.1510
204,6.800,0.436,0.1442,-0.496,-0.733,2,1.677,0.99949,0.0574
205,6.833,0.512,0.1816,-1.168,-1.310,9,1.695,0.99808,0.1392
206,6.866,0.547,0.2286,-0.954,-1.397,6,1.647,0.99823,0.1373
207,6.900,0.628,0.3016,-0.278,-1.475,2,1.707,1.00002,0.0424
208,6.933,0.631,0.3359,-0.005,-1.521,2,1.621,0.99965,0.0295
209,6.966,0.659,0.3538,-0.742,-1.733,6,1.653,0.99783,0.1197
210,7.000,0.584,0.3483,0.304,-1.356,2,1.459,0.99975,0.0134
211,7.033,0.486,0.2828,0.069,-1.181,3,1.277,0.99986,0.0304
212,7.066,0.472,0.2696,0.037,-1.136,0,1.261,0.99995,0.0311
213,7.100,0.559,0.2841,-0.282,-1.378,5,1.530,0.99941,0.0765
214,7.133,0.637,0.2761,-0.100,-0.952,3,1.833,1.00027,0.0485
215,7.166,0.719,0.3471,-0.054,-1.234,4,1.849,1.00009,0.0379
216,7.200,0.652,0.3306,-0.547,-1.307,5,1.698,0.99934,0.1110
217,7.233,0.701,0.3518,0.247,-1.373,3,1.771,0.99994,0.0225
218,7.266,0.701,0.3637,0.447,-1.516,3,1.738,0.99968,0.0049
219,7.300,0.692,0.3460,0.526,-1.052,1,1.772,1.00019,-0.0003
220,7.333,0.685,0.3490,1.672,0.422,7,1.744,1.00405,-0.1096
221,7.366,0.685,0.2908,1.322,-0.069,8,1.924,1.00362,-0.0680
222,7.400,0.650,0.2833,0.691,-0.276,5,2.025,1.00314,-0.0166
223,7.433,0.697,0.2877,0.213,-0.604,5,2.056,1.00254,0.0400
224,7.466,0.701,0.3515,-0.162,-1.247,2,1.775,1.00077,0.0174
225,7.500,0.770,0.3908,-0.475,-1.639,3,1.839,1.00071,0.0365
226,7.533,0.824,0.3913,-0.152,-1.835,2,1.976,1.00046,0.0160
227,7.566,0.821,0.3889,-0.235,-1.798,3,1.978,1.00026,0.0335
228,7.600,0.756,0.3844,-0.123,-1.822,3,1.825,1.00024,0.0197
229,7.633,0.862,0.3851,0.159,-1.787,2,2.100,1.00052,0.0152
230,7.666,1.023,0.3786,0.230,-1.621,2,2.557,1.00038,0.0159
231,7.700,1.080,0.3457,0.131,-1.290,1,2.910,1.00084,0.0238
232,7.733,1.046,0.3205,0.236,-1.206,1,2.989,1.00086,0.0167
233,7.766,0.956,0.3667,0.648,-1.444,1,2.435,1.00018,-0.0048
234,7.800,0.930,0.3339,0.608,-1.222,3,2.511,1.00069,0.0024
235,7.833,0.870,0.3544,0.467,-1.199,2,2.247,1.00030,0.0024
236,7.866,0.718,0.3043,0.427,-1.075,2,2.006,1.00004,-0.0019
237,7.900,0.837,0.2729,0.072,-1.018,2,2.583,1.00017,0.0062
238,7.933,0.971,0.2167,-0.213,-0.966,3,3.684,1.00027,0.0225
239,7.966,0.963,0.3150,-0.331,-1.052,2,2.759,1.00033,0.0192
240,8.000,0.922,0.3124,-0.250,-1.139,2,2.632,1.00026,0.0181
241,8.033,0.650,0.3334,-0.113,-1.614,1,1.691,1.00007,0.0255
242,8.066,0.475,0.2491,1.217,-0.357,8,1.404,1.00243,-0.1113
243,8.100,0.527,0.1755,-0.293,-0.866,1,1.819,1.00016,0.0135
244,8.133,0.579,0.1579,-0.446,-0.719,1,2.259,1.00020,0.0226
245,8.166,0.558,0.1353,-0.270,-0.647,4,2.615,0.99987,0.0195
246,8.200,0.512,0.1504,-0.187,-0.757,3,1.978,0.99989,0.0200
247,8.233,0.523,0.1647,0.272,-0.748,2,1.961,0.99970,0.0147
248,8.266,0.612,0.1469,0.132,-0.887,2,2.542,0.99989,0.0081
249,8.300,0.645,0.2040,-0.175,-0.870,2,2.220,0.99998,0.0209
250,8.333,0.698,0.1727,-0.188,-0.826,1,2.826,1.00007,0.0223
251,8.366,0.825,0.1772,-0.161,-0.781,2,3.574,1.00012,0.0152
252,8.400,0.841,0.1662,-0.251,-0.690,1,3.890,1.00022,0.0150
253,8.433,0.937,0.1919,-0.185,-0.812,1,3.890,1.00020,0.0171
254,8.466,0.938,0.1766,-0.126,-0.737,2,4.259,1.00017,0.0132
255,8.500,0.941,0.1765,-0.037,-0.843,2,4.195,1.00003,0.0215
256,8.533,0.869,0.1754,0.242,-0.741,2,3.882,0.99989,0.0146
257,8.566,0.765,0.1856,0.402,-0.730,1,3.111,0.99990,0.0116
258,8.600,0.571,0.1611,0.377,-0.635,1,2.367,0.99995,0.0121
259,8.633,0.381,0.1305,-1.154,-0.218,7,1.472,1.00052,0.2027
260,8.666,0.302,0.0512,-0.586,-0.084,6,1.472,0.99992,0.1560
261,8.700,0.341,0.0964,0.634,-0.414,1,1.189,1.00010,0.0170
262,8.733,0.343,0.1090,0.414,-0.379,1,1.209,1.00004,0.0368
263,8.766,0.393,0.1290,0.518,-0.568,3,1.522,0.99947,0.0321
264,8.800,0.378,0.1245,0.200,-0.657,2,1.524,0.99979,0.0394
265,8.833,0.345,0.1156,0.065,-0.641,3,1.494,0.99987,0.0334
266,8.866,0.360,0.1249,-0.295,-0.611,2,1.692,0.99996,0.0383
267,8.900,0.365,0.1231,-1.154,-0.434,5,1.927,0.99970,0.1409
268,8.933,0.358,0.1216,-0.333,-0.235,2,1.954,1.00005,0.0303
269,8.966,0.343,0.1270,-0.156,-0.188,2,1.729,1.00054,0.0286
270,9.000,0.289,0.1245,-0.164,-0.392,3,1.487,1.00017,0.0365
271,9.033,0.357,0.1373,-0.060,-0.489,1,1.729,1.00007,0.0312
272,9.066,0.499,0.1532,0.259,-0.051,1,2.616,1.00017,0.0119
273,9.100,0.584,0.1649,0.189,-0.205,2,3.036,0.99999,0.0201
274,9.133,0.662,0.1683,0.209,-0.099,2,3.429,1.00018,0.0156
275,9.166,0.550,0.1605,0.158,0.050,1,2.922,1.00023,0.0174
276,9.200,0.430,0.1126,0.026,0.082,3,2.896,1.00032,0.0217
277,9.233,0.386,0.1264,0.183,0.048,2,2.178,1.00034,0.0253
278,9.266,0.252,0.0876,0.336,-0.161,1,1.510,0.99996,0.0165
279,9.300,0.151,0.0064,0.212,-0.070,0,1.372,0.99988,0.0274
280,9.333,0.249,0.0746,0.027,-0.111,1,1.244,1.00051,0.0236
281,9.366,0.269,0.0948,0.010,0.075,2,1.481,0.99981,0.0313
282,9.400,0.293,0.1092,0.007,0.055,2,1.591,1.00001,0.0282
283,9.433,0.308,0.1121,-0.018,0.227,2,1.740,1.00010,0.0286
284,9.466,0.292,0.1059,-0.021,0.214,4,1.603,1.00015,0.0283
285,9.499,0.309,0.1235,0.010,0.000,5,1.624,1.00004,0.0287
286,9.533,0.352,0.1295,-1.127,-0.515,7,1.958,0.99881,0.1450
287,9.566,0.390,0.1141,-0.113,-0.038,2,2.456,1.00000,0.0310
288,9.599,0.403,0.1099,0.184,-0.009,3,2.760,1.00011,0.0246
289,9.633,0.480,0.1122,0.194,0.186,3,3.326,1.00022,0.0148
290,9.666,0.502,0.1133,0.191,0.218,3,3.596,0.99996,0.0131
291,9.699,0.632,0.1401,0.070,0.201,2,3.893,1.00010,0.0233
292,9.733,0.556,0.1201,0.060,0.064,1,3.951,0.99992,0.0269
293,9.766,0.734,0.1451,0.196,-0.290,3,4.429,0.99977,0.0211
294,9.799,0.733,0.1178,0.362,-0.108,1,5.181,0.99994,0.0149
295,9.833,0.814,0.1505,0.623,0.202,1,4.456,1.00025,0.0110
296,9.866,0.620,0.1144,0.606,0.043,3,4.069,1.00029,0.0107
297,9.899,0.524,0.1013,0.453,0.260,3,3.738,1.00054,0.0145
298,9.933,0.476,0.0660,0.133,0.097,4,5.787,0.99986,0.0175
299,9.966,0.464,0.0690,-0.064,0.111,3,5.246,1.00011,0.0264
300,9.999,0.479,0.0878,-0.231,0.077,3,4.295,1.00015,0.0205
301,10.033,0.571,0.1160,-0.433,0.050,3,3.821,1.00020,0.0224
302,10.066,0.586,0.1522,-0.562,0.037,1,3.032,1.00028,0.0247
303,10.099,0.417,0.1441,-0.541,-0.044,2,2.083,1.00021,0.0270
304,10.133,0.256,0.0544,-0.527,-0.036,1,1.365,1.00046,0.0219
305,10.166,0.302,0.0789,-0.362,0.132,4,1.496,1.00082,0.0223
306,10.199,0.303,0.0726,-0.220,0.174,3,1.595,1.00105,0.0193
307,10.233,0.320,0.0958,-0.163,0.361,2,1.709,1.00082,0.0147
308,10.266,0.378,0.1190,-0.255,0.225,2,1.997,1.00059,0.0182
309,10.299,0.278,0.0919,-0.347,0.059,4,1.601,1.00031,0.0241
310,10.333,0.309,0.1104,-0.224,0.158,2,1.784,1.00039,0.0192
311,10.366,0.310,0.1161,-0.196,0.008,4,1.904,0.99992,0.0211
312,10.399,0.292,0.1331,-0.199,0.105,2,1.556,1.00023,0.0187
313,10.433,0.291,0.1258,-0.248,0.147,4,1.468,0.99989,0.0162
314,10.466,0.296,0.0852,-0.350,0.084,3,1.693,0.99980,0.0252
315,10.499,0.281,0.0799,-0.122,0.075,4,1.661,0.99982,0.0275
316,10.533,0.316,0.1165,-0.042,0.195,3,1.625,1.00020,0.0212
317,10.566,0.306,0.1169,0.060,0.139,4,1.575,0.99974,0.0282
318,10.599,0.302,0.1209,0.171,-0.016,2,1.495,0.99971,0.0262
319,10.633,0.304,0.1189,0.076,-0.094,2,1.461,0.99965,0.0292
320,10.666,0.407,0.1593,-1.813,-0.408,7,1.909,0.99856,0.2171
321,10.699,0.473,0.1611,-2.292,-0.487,6,2.225,0.99760,0.2509
322,10.733,0.459,0.1493,0.012,0.335,3,2.271,0.99982,0.0148
323,10.766,0.440,0.1461,-2.668,-0.185,8,2.244,0.99836,0.2718
324,10.799,0.386,0.1386,-0.747,0.252,3,1.958,1.00010,0.0337
325,10.833,0.344,0.1324,-0.526,0.224,4,1.812,1.00003,0.0190
326,10.866,0.302,0.0882,-0.425,0.233,3,1.889,0.99999,0.0223
327,10.899,0.314,0.1090,-0.416,0.046,4,1.785,1.00000,0.0281
328,10.933,0.387,0.1417,-0.641,0.023,3,1.885,0.99978,0.0298
329,10.966,0.401,0.1488,-0.584,-0.024,4,2.076,1.00006,0.0325
330,10.999,0.428,0.1537,-1.865,-0.069,7,2.261,0.99894,0.1833
331,11.033,0.507,0.1580,-1.976,-0.205,8,2.643,0.99869,0.1823
332,11.066,0.562,0.1633,-0.361,0.063,2,2.868,0.99976,0.0173
333,11.099,0.581,0.1675,-0.367,-0.018,2,2.890,0.99963,0.0090
334,11.133,0.591,0.1786,-3.340,0.212,8,2.749,0.99881,0.3203
335,11.166,0.556,0.1793,-0.400,-0.250,2,2.576,0.99961,0.0150
336,11.199,0.522,0.1648,-0.357,-0.180,3,2.584,0.99984,0.0112
337,11.233,0.441,0.1391,-0.573,-0.323,3,2.427,0.99969,0.0378
338,11.266,0.530,0.1438,-0.019,-0.436,2,2.961,0.99935,0.0203
339,11.299,0.443,0.1574,-0.093,-0.224,3,2.199,0.99979,0.0276
340,11.333,0.529,0.1730,0.174,-0.099,1,2.545,0.99983,0.0170
341,11.366,0.545,0.1698,-0.006,-0.114,2,2.649,0.99967,0.0225
342,11.399,0.461,0.1581,-0.069,-0.075,1,2.124,0.99920,0.0225
343,11.433,0.289,0.1126,0.003,-0.279,4,1.408,0.99934,0.0170
344,11.466,0.335,0.1271,-0.504,-0.203,2,1.466,0.99967,0.0256
345,11.499,0.428,0.1566,-1.297,-0.306,5,1.714,0.99908,0.0723
346,11.533,0.589,0.1906,-0.904,-0.467,2,2.263,0.99938,0.0195
347,11.566,0.755,0.1971,-1.068,-0.350,1,3.050,0.99947,0.0325
348,11.599,0.683,0.1519,-0.893,-0.406,3,3.472,0.99946,0.0168
349,11.633,0.745,0.1687,-0.980,-0.468,4,3.492,0.99940,0.0217
350,11.666,0.758,0.1743,-0.918,-0.501,2,3.409,0.99943,0.0189
351,11.699,0.940,0.2590,-1.023,-0.317,4,3.172,0.99921,0.0155
352,11.733,1.010,0.2398,-3.087,-0.016,6,3.642,0.99906,0.2429
353,11.766,0.942,0.2427,-2.782,0.434,6,3.372,0.99970,0.2310
354,11.799,0.782,0.1906,-0.622,-0.137,1,3.342,0.99932,0.0108
355,11.833,0.598,0.1739,-1.872,0.751,7,2.749,1.00023,0.1888
356,11.866,0.500,0.1621,-2.067,0.719,8,2.351,1.00030,0.2177
357,11.899,0.344,0.1210,-0.038,-0.178,3,1.833,0.99955,0.0123
358,11.933,0.319,0.0901,0.184,-0.055,3,1.507,0.99927,0.0176
359,11.966,0.475,0.1669,0.251,-0.540,1,2.076,0.99953,0.0151
360,11.999,0.556,0.1459,0.185,-0.383,1,2.846,0.99959,0.0139
361,12.033,0.697,0.1645,0.051,-0.446,1,3.460,0.99962,0.0123
362,12.066,0.828,0.1798,-0.094,-0.367,1,3.977,0.99941,0.0119
363,12.099,1.000,0.1802,-0.212,-0.319,1,4.958,0.99956,0.0095
364,12.133,1.105,0.1732,-0.235,-0.323,3,5.733,0.99957,0.0122
365,12.166,1.142,0.1467,-0.231,-0.255,5,7.005,0.99973,0.0115
366,12.199,1.170,0.1351,-0.244,-0.173,2,7.862,0.99968,0.0132
367,12.233,1.284,0.1368,-0.110,-0.378,3,8.520,0.99975,0.0141
368,12.266,1.343,0.1429,0.006,-0.459,3,8.534,0.99970,0.0065
369,12.299,1.365,0.1497,-0.064,-0.545,3,8.250,0.99973,0.0125
370,12.333,1.442,0.1402,-0.091,-0.463,3,9.400,0.99976,0.0153
371,12.366,1.564,0.1418,-0.084,-0.486,2,10.138,0.99970,0.0101
372,12.399,1.721,0.1489,-0.232,-0.336,3,10.855,1.00006,0.0060
373,12.433,1.829,0.1499,-0.306,-0.256,2,11.453,0.99965,0.0094
374,12.466,1.836,0.1458,-0.388,-0.218,3,11.787,0.99954,0.0047
375,12.499,1.763,0.1470,-0.353,-0.197,2,11.241,0.99951,0.0085
376,12.533,1.954,0.1498,-0.296,-0.241,2,12.298,0.99943,0.0118
377,12.566,1.961,0.1471,-0.338,-0.204,3,12.549,0.99948,0.0103
378,12.599,1.821,0.1414,-0.272,-0.228,3,12.120,0.99957,0.0096
379,12.633,1.289,0.1369,-0.460,-0.296,2,8.503,0.99970,0.0066
380,12.666,1.101,0.1281,-0.426,-0.254,2,7.807,1.00030,0.0088
381,12.699,1.012,0.1238,-0.406,-0.160,2,7.423,1.00010,0.0056
382,12.733,0.765,0.1209,-0.161,-0.033,2,5.795,1.00003,0.0105
383,12.766,0.551,0.1246,1.717,-1.779,8,3.844,1.01130,-0.3875
384,12.799,0.358,0.1342,0.128,-0.980,4,1.966,1.00254,0.0606
385,12.833,0.293,0.1191,0.535,0.879,3,1.788,0.99843,0.0060
386,12.866,0.575,0.1359,0.683,3.097,6,3.735,0.99451,-0.0550
387,12.899,0.747,0.1266,0.364,4.403,7,5.353,0.99192,-0.1081
388,12.933,0.917,0.1319,-1.131,5.389,8,6.364,0.98897,0.2122
389,12.966,1.017,0.1370,-0.112,0.204,2,6.827,1.00004,0.0080
390,12.999,1.087,0.1260,-0.096,0.318,2,7.904,0.99975,0.0100
391,13.033,1.191,0.1213,-0.220,0.216,2,9.081,0.99980,0.0125
392,13.066,1.393,0.1271,-0.187,0.054,1,10.454,0.99979,0.0051
393,13.099,1.545,0.1354,-0.081,-0.021,1,11.021,0.99985,0.0110
394,13.133,1.545,0.1339,-0.061,-0.072,1,11.123,0.99987,0.0089
395,13.166,1.547,0.1346,-0.093,-0.087,1,11.070,0.99997,0.0068
396,13.199,1.524,0.1342,-0.146,-0.023,2,10.912,0.99997,0.0103
397,13.233,1.491,0.1345,-0.436,0.072,2,10.333,1.00005,0.0061
398,13.266,1.616,0.1416,-0.435,0.208,2,10.619,1.00004,0.0091
399,13.299,1.644,0.1477,-0.634,0.202,3,10.163,0.99996,0.0099
400,13.333,1.608,0.1474,-0.657,0.218,4,9.853,0.99957,0.0056
401,13.366,1.510,0.1449,-0.730,0.109,3,9.320,0.99988,0.0112
402,13.399,1.409,0.1443,-0.731,0.005,3,8.654,0.99981,0.0096
403,13.433,1.426,0.1318,-0.683,0.046,3,9.604,0.99999,0.0047
404,13.466,1.432,0.1375,-0.778,0.042,3,9.131,1.00006,0.0091
405,13.499,1.406,0.1313,-0.671,0.018,3,9.396,0.99964,0.0072
406,13.533,1.313,0.1347,-0.738,0.084,3,8.428,1.00000,0.0053
407,13.566,1.153,0.1407,-0.806,0.021,3,6.885,1.00000,0.0040
408,13.599,1.012,0.1492,-0.809,-0.011,2,5.499,1.00001,0.0055
409,13.633,1.033,0.1838,-0.784,-0.129,1,4.635,0.99996,0.0053
410,13.666,0.897,0.1834,-0.697,-0.173,1,3.981,1.00006,0.0052
411,13.699,0.768,0.1750,-0.674,-0.151,1,3.421,1.00017,0.0084
412,13.733,0.714,0.1637,-0.516,-0.126,1,3.462,1.00009,0.0033
413,13.766,0.477,0.1530,-0.438,-0.074,1,2.234,1.00015,0.0053
414,13.799,0.398,0.1280,-0.324,0.114,3,2.052,1.00011,0.0050
415,13.833,0.302,0.1155,-0.093,0.046,3,1.704,0.99996,-0.0018
416,13.866,0.245,0.0793,0.176,-0.067,2,1.442,0.99947,-0.0011
417,13.899,0.354,0.0992,0.189,-0.017,3,2.515,0.99978,-0.0013
418,13.933,0.398,0.1141,0.293,-0.034,2,2.561,0.99964,0.0017
419,13.966,0.408,0.1058,0.150,-0.025,2,2.708,0.99951,-0.0041
420,13.999,0.290,0.0882,-0.126,-0.072,2,1.931,0.99953,0.0081
421,14.033,0.449,0.1313,-0.385,-0.110,1,2.545,0.99952,0.0186
422,14.066,0.476,0.1132,-0.371,0.115,2,2.993,0.99960,0.0215
423,14.099,0.439,0.1357,-0.439,-0.121,2,2.236,0.99927,0.0279
424,14.133,0.486,0.1349,-0.026,-0.065,2,2.500,0.99917,0.0192
425,14.166,0.630,0.1488,0.053,-0.139,2,3.501,0.99951,0.0184
426,14.199,0.640,0.1379,0.229,-0.369,2,3.882,0.99935,-0.0017
427,14.233,0.456,0.0614,0.085,-0.284,3,5.191,0.99957,0.0047
428,14.266,0.424,0.0570,-0.239,-0.189,2,4.929,0.99966,0.0089
429,14.299,0.485,0.0814,-0.537,-0.181,2,3.473,0.99967,0.0106
430,14.333,0.483,0.1364,-0.762,-0.195,3,2.047,0.99977,0.0142
431,14.366,0.425,0.1163,-0.670,-0.148,1,1.976,0.99989,0.0145
432,14.399,0.408,0.1019,-0.775,-0.191,1,1.824,0.99985,0.0168
433,14.433,0.407,0.1401,-0.753,-0.156,3,1.641,0.99989,0.0116
434,14.466,0.475,0.1510,-0.884,-0.146,1,1.782,1.00004,0.0120
435,14.499,0.436,0.1163,-0.816,-0.172,1,1.888,1.00021,0.0127
436,14.533,0.499,0.1477,-0.925,-0.224,3,2.035,1.00007,0.0193
437,14.566,0.615,0.1470,-0.707,-0.227,2,2.792,1.00010,0.0119
438,14.599,0.659,0.1368,-0.575,-0.141,1,3.550,1.00015,0.0137
439,14.633,0.751,0.1408,-0.292,-0.102,1,4.607,1.00005,0.0095
440,14.666,0.820,0.1369,-0.308,-0.189,2,5.163,0.99980,0.0148
441,14.699,0.789,0.1231,-0.014,-0.289,3,5.498,0.99998,0.0132
442,14.733,0.833,0.1181,0.128,-0.231,2,6.101,0.99994,0.0119
443,14.766,0.853,0.1161,0.145,-0.108,4,6.522,0.99998,0.0154
444,14.799,0.991,0.1125,0.053,-0.149,4,8.054,0.99987,0.0128
445,14.833,1.126,0.1074,-0.032,-0.173,3,9.651,0.99971,0.0091
446,14.866,1.289,0.1043,-0.176,-0.070,2,11.505,0.99978,0.0118
447,14.899,1.548,0.1092,-0.243,-0.120,3,13.260,0.99984,0.0122
448,14.933,1.869,0.1204,-0.274,-0.055,3,14.701,1.00022,0.0100
449,14.966,1.892,0.1203,-0.388,-0.034,3,14.701,0.99985,0.0096
450,14.999,2.189,0.1354,-0.526,-0.062,3,15.082,0.99988,0.0047
451,15.033,2.304,0.1585,-0.675,-0.140,1,13.573,1.00028,0.0088
452,15.066,2.451,0.1722,-0.704,-0.045,1,13.405,1.00008,0.0083
453,15.099,2.277,0.1630,-0.760,-0.204,3,13.070,1.00032,0.0060
454,15.133,2.085,0.1457,-0.620,-0.201,2,13.338,1.00010,0.0089
455,15.166,1.835,0.1403,-0.410,-0.160,2,12.345,1.00020,0.0056
456,15.199,1.470,0.1294,-0.354,-0.029,3,10.613,0.99991,0.0036
457,15.233,1.324,0.1255,-0.398,-0.060,3,9.769,0.99999,0.0019
458,15.266,1.153,0.1230,-0.376,-0.114,2,8.412,0.99956,0.0082
459,15.299,0.889,0.1239,-0.199,-0.135,2,6.652,0.99990,0.0003
460,15.333,0.577,0.1255,0.062,-0.096,2,4.133,0.99986,0.0069
461,15.366,0.426,0.1084,-1.710,0.652,4,3.081,0.99955,-0.2060
462,15.399,0.674,0.1281,-1.213,3.114,5,4.682,0.99517,-0.2694
463,15.433,0.892,0.1257,0.135,-0.143,1,6.559,0.99987,0.0052
464,15.466,0.967,0.1243,0.011,-0.123,1,7.300,0.99985,0.0054
465,15.499,1.067,0.1240,-0.172,-0.057,1,8.102,0.99992,-0.0016
466,15.533,1.186,0.1228,-0.027,-0.079,1,9.175,0.99991,-0.0006
467,15.566,1.299,0.1289,0.020,-0.142,1,9.578,0.99999,0.0135
468,15.599,1.562,0.1322,0.079,-0.137,2,11.323,1.00002,0.0080
469,15.633,1.520,0.1351,0.101,-0.191,1,10.695,0.99996,-0.0001
470,15.666,1.570,0.1363,0.068,-0.150,1,10.984,1.00035,0.0005
471,15.699,1.481,0.1352,0.022,-0.188,1,10.433,1.00005,0.0026
472,15.732,1.255,0.1297,-0.083,-0.229,2,9.083,0.99991,-0.0015
473,15.766,1.121,0.1261,-0.255,-0.221,1,8.127,0.99984,-0.0066
474,15.799,1.075,0.1271,-0.414,-0.240,1,7.494,0.99990,0.0008
475,15.832,1.036,0.1254,-0.511,-0.285,2,7.090,0.99991,-0.0047
476,15.866,1.148,0.1300,-0.568,-0.285,2,7.657,1.00010,-0.0058
477,15.899,1.562,0.1303,-0.508,-0.294,2,10.881,1.00007,-0.0030
478,15.932,1.291,0.1236,-0.532,-0.339,2,9.226,1.00013,-0.0038
479,15.966,1.319,0.1222,-0.504,-0.347,2,9.507,1.00010,-0.0002
480,15.999,1.403,0.1217,-0.416,-0.398,1,10.276,1.00005,-0.0042
481,16.032,1.415,0.1235,-0.337,-0.388,3,10.272,0.99998,-0.0033
482,16.066,1.279,0.1198,-0.302,-0.402,4,9.445,1.00003,-0.0037
483,16.099,1.157,0.1187,-0.337,-0.389,3,8.484,1.00004,-0.0059
484,16.132,1.110,0.1221,-0.489,-0.397,3,7.599,0.99999,-0.0068
485,16.166,1.107,0.1663,-0.686,-0.579,3,5.442,1.00009,-0.0053
486,16.199,0.973,0.1669,-0.621,-0.491,3,4.694,1.00024,0.0018
487,16.232,0.959,0.1802,-0.418,-0.803,2,4.071,1.00004,0.0033
488,16.266,0.950,0.2045,-0.385,-0.861,2,3.585,0.99994,-0.0072
489,16.299,0.965,0.2298,-0.497,-0.840,2,3.325,0.99992,-0.0122
490,16.332,1.040,0.2229,-0.664,-0.676,2,3.762,0.99994,-0.0111
491,16.366,1.073,0.2369,-0.813,-0.482,2,3.763,1.00010,-0.0119
492,16.399,1.014,0.2042,-0.781,-0.346,2,4.004,1.00017,-0.0077
493,16.432,0.901,0.1885,-0.692,-0.389,2,3.722,1.00020,-0.0081
494,16.466,0.727,0.1680,-0.578,-0.431,2,3.133,1.00031,-0.0031
495,16.499,0.656,0.1633,-0.347,-0.464,2,3.001,1.00040,-0.0072
496,16.532,0.649,0.1733,-0.311,-0.465,2,2.871,1.00059,-0.0047
497,16.566,0.626,0.2497,-0.316,-0.755,2,2.008,1.00093,-0.0125
498,16.599,0.692,0.2706,-0.450,-0.874,2,2.146,1.00128,-0.0007
499,16.632,0.739,0.2720,-0.540,-0.994,2,2.251,1.00124,-0.0006
500,16.666,0.729,0.2775,-0.422,-1.003,2,2.019,1.00051,-0.0029
501,16.699,0.757,0.3056,-0.412,-1.110,2,1.999,1.00050,0.0055
502,16.732,0.638,0.1754,-0.351,-0.824,2,2.297,1.00020,0.0001
503,16.766,0.592,0.1498,-0.331,-0.544,2,2.635,1.00002,-0.0026
504,16.799,0.619,0.1503,-0.319,-0.422,2,2.970,0.99988,-0.0045
505,16.832,0.596,0.1457,-0.264,-0.335,2,3.099,0.99976,-0.0000
506,16.866,0.496,0.1404,-0.137,-0.283,2,2.737,0.99998,0.0017
507,16.899,0.380,0.1341,-0.080,-0.235,3,2.114,1.00027,0.0003
508,16.932,0.354,0.1261,-0.076,-0.461,4,1.668,1.00042,0.0060
509,16.966,0.348,0.1184,0.054,-0.430,2,1.698,1.00042,0.0030
510,16.999,0.332,0.1066,0.099,-0.533,2,1.524,1.00050,0.0019
511,17.032,0.226,0.0220,0.004,-0.293,1,1.947,1.00061,0.0089
512,17.066,0.220,0.0244,0.050,-0.220,1,2.083,1.00030,0.0021
513,17.099,0.179,0.0117,0.012,-0.180,1,1.474,1.00045,0.0031
514,17.132,0.175,0.0130,-0.004,-0.166,0,1.690,1.00038,-0.0019
515,17.166,0.217,0.0561,0.034,-0.235,1,1.430,1.00043,0.0026
516,17.199,0.330,0.0845,-0.124,-0.024,3,2.544,1.00044,0.0006
517,17.232,0.310,0.0767,0.022,0.113,2,2.459,1.00040,0.0046
518,17.266,0.345,0.0838,0.001,0.209,2,2.584,1.00036,-0.0018
519,17.299,0.299,0.0822,0.070,-0.032,3,2.270,1.00024,-0.0006
520,17.332,0.426,0.1436,-0.046,-0.046,3,2.394,1.00023,0.0019
521,17.366,0.639,0.1462,-0.141,-0.005,3,3.726,1.00036,0.0054
522,17.399,0.684,0.1335,0.057,0.014,3,4.458,1.00035,0.0070
523,17.432,0.806,0.1333,0.320,-0.048,4,5.069,1.00032,0.0060
524,17.466,0.859,0.1376,0.444,0.024,3,5.174,1.00021,0.0124
525,17.499,0.909,0.1399,0.561,0.119,4,5.359,1.00007,0.0068
526,17.532,0.958,0.1194,0.453,0.095,4,6.819,0.99996,0.0049
527,17.566,0.944,0.1134,0.247,0.143,1,7.436,0.99996,0.0071
528,17.599,1.035,0.1143,0.194,0.137,3,8.273,0.99997,0.0038
529,17.632,1.153,0.1163,0.130,0.206,3,9.085,1.00000,0.0061
530,17.666,1.205,0.1157,0.067,0.192,3,9.690,0.99998,0.0044
531,17.699,1.305,0.1165,0.036,0.165,2,10.569,0.99995,0.0051
532,17.732,1.449,0.1200,0.073,0.151,2,11.349,1.00023,0.0024
533,17.766,1.616,0.1231,0.066,0.192,3,12.453,1.00004,0.0071
534,17.799,1.547,0.1225,0.183,0.145,3,11.936,0.99998,0.0044
535,17.832,1.500,0.1240,0.160,0.252,2,11.333,0.99997,0.0001
536,17.866,1.737,0.1406,0.174,0.232,3,11.681,1.00016,0.0033
537,17.899,1.822,0.1448,0.228,0.353,2,11.859,0.99988,0.0029
538,17.932,1.954,0.1596,0.350,0.468,1,11.503,0.99991,0.0008
539,17.966,1.566,0.1623,0.367,0.558,1,8.885,0.99992,-0.0003
540,17.999,1.590,0.1662,0.433,0.591,2,8.842,0.99983,0.0028
541,18.032,1.440,0.1572,0.346,0.645,2,8.380,0.99983,0.0014
542,18.066,1.428,0.1475,0.324,0.618,2,8.843,0.99983,-0.0083
543,18.099,1.183,0.1243,0.262,0.580,1,8.454,0.99981,0.0045
544,18.132,1.040,0.1258,0.303,0.564,2,7.253,0.99974,0.0006
545,18.166,0.853,0.1349,0.283,0.458,2,5.444,0.99996,-0.0037
546,18.199,0.553,0.1382,-0.487,-2.037,7,3.294,1.00449,0.0058
547,18.232,0.382,0.1129,0.312,0.258,2,2.216,1.00033,-0.0061
548,18.266,0.325,0.1105,0.150,0.620,3,1.820,0.99950,-0.0502
549,18.299,0.465,0.1453,-0.338,1.430,4,2.261,0.99920,-0.1016
550,18.332,0.641,0.1461,0.061,3.153,7,3.642,0.99561,-0.1360
551,18.366,0.869,0.1434,0.324,4.516,8,5.279,0.99306,-0.1798
552,18.399,0.952,0.1354,-0.284,5.592,5,6.322,0.99020,-0.2016
553,18.432,1.026,0.1334,0.199,0.424,3,6.891,1.00016,-0.0062
554,18.466,1.070,0.1299,0.253,0.359,1,7.551,0.99982,-0.0083
555,18.499,1.097,0.1283,0.206,0.298,2,7.881,0.99981,-0.0076
556,18.532,1.163,0.1309,0.204,0.296,2,8.252,0.99972,-0.0110
557,18.566,1.092,0.1310,0.213,0.290,1,7.725,0.99971,-0.0089
558,18.599,1.097,0.1301,0.180,0.360,1,7.776,0.99983,-0.0155
559,18.632,1.024,0.1279,0.189,0.411,1,7.240,0.99985,-0.0085
560,18.666,0.964,0.1293,0.223,0.401,2,6.665,0.99979,-0.0115
561,18.699,0.942,0.1274,0.233,0.339,2,6.619,0.99986,-0.0117
562,18.732,0.984,0.1253,0.218,0.331,2,7.066,0.99986,-0.0135
563,18.766,1.306,0.1304,0.145,0.339,3,9.275,0.99986,-0.0160
564,18.799,1.203,0.1296,0.102,0.428,2,8.455,0.99988,-0.0148
565,18.832,1.234,0.1277,0.125,0.485,3,8.736,0.99986,-0.0133
566,18.866,1.278,0.1270,0.142,0.478,3,9.096,0.99985,-0.0145
567,18.899,1.330,0.1254,0.125,0.408,3,9.743,0.99983,-0.0135
568,18.932,1.349,0.1269,0.186,0.548,3,9.480,0.99974,-0.0260
569,18.966,1.402,0.1679,-0.291,0.778,3,7.387,0.99981,-0.0226
570,18.999,1.411,0.2031,-0.440,0.848,3,6.159,0.99994,-0.0143
571,19.032,1.240,0.1565,-0.286,0.736,4,6.773,0.99985,-0.0156
572,19.066,1.103,0.1403,-0.104,0.577,4,6.713,0.99967,-0.0166
573,19.099,0.984,0.1465,-0.030,0.291,2,5.955,0.99965,-0.0211
574,19.132,0.952,0.1535,-0.003,0.216,1,5.523,0.99964,-0.0167
575,19.166,0.931,0.1680,-0.069,0.158,3,4.978,0.99967,-0.0186
576,19.199,0.830,0.1706,-0.105,0.189,2,4.266,0.99968,-0.0203
577,19.232,0.735,0.1817,-0.226,0.084,2,3.485,0.99962,-0.0180
578,19.266,0.773,0.1869,-0.395,0.038,3,3.422,0.99941,-0.0146
579,19.299,0.826,0.1837,-0.432,0.016,3,3.824,0.99966,-0.0179
580,19.332,0.844,0.1744,-0.315,-0.009,3,4.225,0.99976,-0.0192
581,19.366,0.877,0.1508,-0.232,0.125,1,5.088,0.99971,-0.0181
582,19.399,0.865,0.1440,-0.144,0.168,1,5.328,0.99973,-0.0235
583,19.432,0.833,0.1405,-0.125,0.172,1,5.288,0.99978,-0.0165
584,19.466,0.772,0.1417,-0.051,0.108,2,4.797,0.99970,-0.0234
585,19.499,0.732,0.1384,0.004,0.051,2,4.478,0.99939,-0.0165
586,19.532,0.687,0.1435,0.103,0.059,2,4.205,0.99974,-0.0170
587,19.566,0.670,0.1405,0.167,0.034,2,4.089,0.99972,-0.0218
588,19.599,0.595,0.1423,0.103,0.038,2,3.569,0.99973,-0.0213
589,19.632,0.507,0.1396,-0.085,-0.027,2,3.019,0.99979,-0.0229
590,19.666,0.481,0.1389,-0.238,-0.086,2,2.559,0.99959,-0.0189
591,19.699,0.487,0.1376,-0.375,-0.120,2,2.519,0.99993,-0.0173
592,19.732,0.523,0.1423,-0.439,-0.145,2,2.623,0.99996,-0.0143
593,19.766,0.378,0.0940,-0.381,0.033,3,2.255,1.00002,-0.0170
594,19.799,0.242,0.0175,-0.286,-0.262,2,1.832,0.99991,-0.0200
595,19.832,0.192,0.0048,-0.282,-0.271,0,1.322,0.99970,-0.0114
596,19.866,0.173,0.0053,-0.057,-0.330,0,1.673,0.99993,-0.0144
597,19.899,0.242,0.0522,-0.089,-0.418,1,1.247,0.99984,-0.0170
598,19.932,0.239,0.0563,0.001,-0.387,1,1.414,0.99990,-0.0121
599,19.966,0.267,0.0591,0.083,-0.412,2,1.760,0.99991,-0.0137
600,19.999,0.259,0.0559,0.146,-0.479,1,1.375,0.99984,-0.0106
601,20.032,0.293,0.0743,0.102,-0.493,1,1.707,0.99998,-0.0089
602,20.066,0.254,0.0696,0.019,-0.434,3,1.619,1.00010,-0.0062
603,20.099,0.275,0.0854,-0.042,-0.465,1,1.389,1.00032,-0.0110
604,20.132,0.283,0.0921,-0.113,-0.412,3,1.523,1.00041,-0.0081
605,20.166,0.338,0.0736,-0.101,-0.552,2,1.844,1.00029,-0.0026
606,20.199,0.462,0.1175,-0.145,-0.768,1,2.031,1.00033,-0.0011
607,20.232,0.541,0.1207,-0.017,-0.793,2,2.719,1.00004,-0.0054
608,20.266,0.640,0.1172,0.141,-0.631,2,3.807,0.99995,-0.0101
609,20.299,0.833,0.1401,-0.172,-0.502,4,4.722,0.99994,0.0019
610,20.332,0.909,0.1410,-0.130,-0.455,1,5.363,0.99983,-0.0023
611,20.366,0.958,0.1398,-0.133,-0.571,2,5.533,0.99995,0.0009
612,20.399,1.033,0.1453,-0.117,-0.511,1,6.019,1.00012,0.0034
613,20.432,1.045,0.1439,-0.046,-0.477,2,6.238,1.00029,-0.0019
614,20.466,0.861,0.1248,-0.136,-0.427,4,5.608,1.00045,0.0063
615,20.499,0.628,0.1328,-0.249,-0.495,3,3.552,1.00078,0.0087
616,20.532,0.717,0.1367,-0.241,-0.571,2,3.946,1.00059,0.0049
617,20.566,1.057,0.1528,-0.193,-0.614,3,5.706,1.00049,0.0024
618,20.599,0.843,0.2033,-0.238,-0.747,1,3.300,1.00055,0.0092
619,20.632,0.837,0.1782,-0.298,-0.803,4,3.361,1.00015,0.0099
620,20.666,0.877,0.2460,-0.459,-0.803,1,2.813,1.00040,0.0076
621,20.699,0.829,0.2880,-0.608,-0.826,2,2.290,1.00037,0.0091
622,20.732,0.966,0.3720,-0.739,-0.976,1,2.320,1.00032,0.0085
623,20.766,1.222,0.4123,-0.857,-1.005,1,2.798,1.00016,0.0058
624,20.799,1.562,0.4299,-1.035,-1.065,2,3.498,1.00055,0.0040
625,20.832,1.618,0.4189,-1.180,-1.027,5,3.719,1.00046,0.0070
626,20.866,1.392,0.3900,-1.273,-0.953,5,3.389,1.00050,0.0042
627,20.899,1.464,0.3975,-1.399,-0.943,5,3.527,1.00072,0.0124
628,20.932,1.486,0.3934,-1.227,-1.044,4,3.622,1.00020,0.0182
629,20.966,1.505,0.3893,-1.016,-1.051,4,3.707,1.00021,0.0154
630,20.999,1.419,0.3741,-0.693,-1.102,2,3.606,1.00011,0.0208
631,21.032,1.261,0.2761,-0.342,-1.026,1,4.045,1.00010,0.0302
632,21.066,1.248,0.1950,0.011,-0.991,3,5.371,1.00008,0.0285
633,21.099,1.330,0.1850,0.342,-0.858,2,6.132,0.99980,0.0320
634,21.132,1.375,0.2082,0.534,-0.765,3,5.799,1.00006,0.0338
635,21.166,1.504,0.2426,0.748,-0.760,4,5.564,1.00027,0.0338
636,21.199,1.554,0.2533,0.854,-0.697,6,5.537,0.99998,0.0364
637,21.232,1.566,0.3059,1.005,-0.755,4,4.756,0.99987,0.0440
638,21.266,1.532,0.3477,1.156,-0.806,6,4.178,1.00016,0.0370
639,21.299,1.562,0.3819,1.372,-0.799,5,3.965,0.99984,0.0451
640,21.332,1.667,0.3976,1.578,-0.977,5,4.102,1.00004,0.0493
641,21.366,1.615,0.4031,1.796,-1.169,6,3.930,1.00009,0.0458
642,21.399,1.451,0.4022,1.851,-1.334,7,3.539,1.00025,0.0538
643,21.432,1.306,0.4021,2.058,-1.550,6,3.183,1.00018,0.0477
644,21.466,1.475,0.4019,2.129,-1.812,5,3.607,1.00048,0.0572
645,21.499,1.388,0.3983,2.119,-1.779,6,3.423,1.00025,0.0524
646,21.532,1.143,0.3936,1.655,-1.707,2,2.838,1.00001,0.0460
647,21.566,1.021,0.3838,1.216,-1.517,2,2.573,1.00003,0.0409
648,21.599,0.781,0.3609,0.731,-1.376,1,2.028,1.00007,0.0389
649,21.632,0.518,0.3305,0.355,-1.273,1,1.350,0.99992,0.0307
650,21.666,0.465,0.2192,0.084,-1.112,2,1.370,1.00021,0.0355
651,21.699,0.418,0.1790,-0.116,-1.063,2,1.276,1.00032,0.0313
652,21.732,0.405,0.1640,-0.186,-1.073,1,1.364,1.00040,0.0253
653,21.766,0.533,0.1901,-0.025,-1.205,2,1.931,1.00036,0.0292
654,21.799,0.590,0.1977,0.046,-1.018,2,2.147,1.00043,0.0319
655,21.832,0.614,0.2091,0.316,-1.040,2,2.148,1.00035,0.0259
656,21.866,0.584,0.2142,0.448,-1.034,1,2.072,1.00054,0.0266
657,21.899,0.528,0.2185,0.563,-1.052,1,1.703,1.00010,0.0234
658,21.932,0.456,0.1652,0.529,-1.197,2,1.523,0.99948,0.0069
659,21.965,0.358,0.0770,0.465,-0.790,1,1.434,0.99997,0.0094
660,21.999,0.314,0.0264,0.591,-0.256,3,1.556,1.00041,-0.0015
661,22.032,0.336,0.0568,0.635,-0.246,1,1.440,1.00005,0.0087
662,22.065,0.365,0.1046,0.565,-0.413,1,1.225,0.99974,0.0090
663,22.099,0.407,0.0800,0.770,0.704,5,1.938,1.00269,-0.0056
664,22.132,0.454,0.0858,0.199,-0.793,2,2.330,0.99987,0.0070
665,22.165,0.397,0.0713,0.021,-0.712,1,2.397,1.00009,0.0119
666,22.199,0.297,0.0529,0.028,-0.262,1,1.734,1.00022,0.0040
667,22.232,0.240,0.0189,0.006,-0.336,0,2.001,1.00029,0.0048
668,22.265,0.225,0.0171,0.092,-0.315,0,1.927,1.00023,0.0013
669,22.299,0.273,0.0186,0.168,-0.281,0,2.208,1.00006,0.0013
670,22.332,0.338,0.0342,0.381,-0.207,1,2.278,0.99992,0.0020
671,22.365,0.320,0.0319,0.363,-0.308,0,2.231,0.99994,0.0029
672,22.399,0.308,0.0242,0.374,-0.566,1,1.422,0.99962,-0.0053
673,22.432,0.318,0.0385,0.364,-0.636,0,1.395,0.99977,-0.0078
674,22.465,0.305,0.0488,0.058,-0.656,2,1.687,0.99973,0.0034
675,22.499,0.434,0.0970,-0.274,-0.518,1,2.790,1.00036,0.0027
676,22.532,0.693,0.0995,-0.253,-0.376,1,5.593,1.00015,-0.0117
677,22.565,0.845,0.1085,-0.463,-0.489,2,6.103,1.00022,-0.0144
678,22.599,1.035,0.1840,-0.724,-0.587,2,4.735,1.00033,-0.0203
679,22.632,1.072,0.1936,-0.828,-0.653,2,4.626,1.00030,-0.0188
680,22.665,1.030,0.1963,-0.846,-0.606,2,4.477,1.00067,-0.0288
681,22.699,1.036,0.1971,-0.672,-0.690,2,4.380,1.00014,-0.0259
682,22.732,1.220,0.2195,-0.728,-0.684,2,4.819,1.00004,-0.0243
683,22.765,1.168,0.1487,-0.601,-0.557,3,6.466,0.99983,-0.0267
684,22.799,1.174,0.1416,-0.511,-0.542,3,6.851,0.99983,-0.0297
685,22.832,1.182,0.1384,-0.557,-0.366,2,7.310,1.00002,-0.0316
686,22.865,1.212,0.1559,-0.690,-0.263,2,6.609,0.99961,-0.0387
687,22.899,1.270,0.2067,-0.926,-0.213,1,5.449,0.99995,-0.0435
688,22.932,1.252,0.2184,-1.078,-0.160,1,5.049,1.00018,-0.0416
689,22.965,1.223,0.2146,-0.934,-0.303,1,5.021,0.99998,-0.0427
690,22.999,1.333,0.2192,-0.978,-0.358,2,5.403,1.00005,-0.0449
691,23.032,1.413,0.2221,-0.998,-0.336,4,5.637,0.99985,-0.0435
692,23.065,1.440,0.2499,-1.134,-0.235,4,5.158,0.99971,-0.0517
693,23.099,1.511,0.3199,-1.454,-0.091,4,4.383,1.00003,-0.0522
694,23.132,1.555,0.4010,-1.712,-0.036,7,3.784,0.99978,-0.0558
695,23.165,1.463,0.4079,-1.860,-0.071,5,3.496,1.00010,-0.0542
696,23.199,1.453,0.4166,-2.054,-0.085,6,3.401,0.99992,-0.0593
697,23.232,1.458,0.4247,-2.105,-0.098,6,3.349,1.00017,-0.0532
698,23.265,1.440,0.4319,-1.990,-0.114,6,3.248,0.99992,-0.0492
699,23.299,1.432,0.4354,-1.924,-0.047,8,3.196,0.99990,-0.0467
700,23.332,1.345,0.4464,-1.771,-0.057,7,2.921,0.99992,-0.0454
701,23.365,1.257,0.4537,-1.716,0.012,4,2.678,1.00014,-0.0344
702,23.399,1.108,0.4339,-1.575,0.143,2,2.411,1.00046,-0.0376
703,23.432,1.005,0.3916,-1.479,0.073,1,2.302,1.00011,-0.0300
704,23.465,0.797,0.2741,-1.132,-0.018,1,2.261,1.00017,-0.0216
705,23.499,0.619,0.1577,-0.462,-0.064,1,2.647,0.99994,-0.0109
706,23.532,0.572,0.1373,-0.268,0.058,2,2.944,0.99984,-0.0129
707,23.565,0.509,0.1368,-0.019,0.194,1,2.917,0.99996,-0.0040
708,23.599,0.397,0.1015,0.160,0.217,2,2.651,0.99995,-0.0097
709,23.632,0.396,0.1048,0.167,0.521,3,1.877,0.99989,-0.0064
710,23.665,0.414,0.1157,0.334,0.586,2,1.685,0.99989,-0.0025
711,23.699,0.548,0.1852,0.813,0.573,1,1.941,0.99953,0.0132
712,23.732,0.543,0.1969,0.972,0.387,1,1.774,0.99975,0.0199
713,23.765,0.509,0.1650,0.865,0.148,1,1.926,0.99975,0.0208
714,23.799,0.450,0.1521,0.792,0.194,1,1.858,0.99968,0.0246
715,23.832,0.343,0.1222,0.531,0.254,1,1.542,0.99968,0.0158
716,23.865,0.315,0.0938,0.027,0.337,1,1.728,0.99966,0.0097
717,23.899,0.530,0.1216,-0.346,0.549,2,2.604,0.99972,-0.0090
718,23.932,0.664,0.1965,-0.924,0.602,2,2.296,0.99998,-0.0112
719,23.965,0.545,0.1822,-0.843,0.620,1,1.909,1.00000,-0.0106
720,23.999,0.360,0.1044,-0.485,0.451,0,1.309,1.00000,0.0116
721,24.032,0.206,0.0054,0.224,0.204,0,2.465,0.99988,0.0260
722,24.065,0.367,0.1083,0.654,0.011,2,1.594,0.99985,0.0396
723,24.099,0.456,0.1673,0.879,0.122,1,1.604,0.99974,0.0436
724,24.132,0.456,0.1669,0.841,0.081,1,1.633,0.99968,0.0382
725,24.165,0.332,0.0842,0.566,0.119,1,1.414,0.99986,0.0347
726,24.199,0.382,0.1027,0.400,0.095,2,1.791,1.00015,0.0347
727,24.232,0.605,0.1346,0.262,0.237,2,3.008,1.00001,0.0288
728,24.265,0.741,0.1751,0.412,0.378,2,3.157,0.99988,0.0350
729,24.299,0.869,0.2079,0.670,0.423,1,3.333,0.99977,0.0380
730,24.332,0.950,0.2080,0.829,0.372,3,3.826,0.99952,0.0508
731,24.365,1.134,0.2175,0.959,0.443,3,4.435,0.99978,0.0528
732,24.399,1.236,0.2054,0.954,0.463,2,5.197,0.99971,0.0566
733,24.432,1.430,0.2215,1.190,0.343,2,5.668,0.99971,0.0599
734,24.465,1.504,0.2482,1.454,0.370,1,5.390,0.99951,0.0699
735,24.499,1.585,0.3107,1.536,0.311,2,4.718,0.99984,0.0664
736,24.532,1.567,0.3690,1.692,0.254,2,4.070,0.99992,0.0680
737,24.565,1.594,0.3840,1.748,0.308,2,4.021,0.99995,0.0772
738,24.599,1.573,0.3902,1.805,0.280,3,3.929,0.99987,0.0729
739,24.632,1.409,0.3770,1.735,0.358,2,3.613,0.99978,0.0716
740,24.665,1.512,0.3577,1.709,0.370,2,4.048,0.99978,0.0733
741,24.699,1.327,0.3821,1.860,0.375,4,3.371,0.99998,0.0743
742,24.732,1.295,0.3839,1.979,0.293,4,3.284,0.99973,0.0845
743,24.765,1.353,0.3884,2.195,0.269,4,3.407,1.00009,0.0824
744,24.799,1.281,0.3856,2.159,0.193,4,3.247,0.99996,0.0899
745,24.832,1.288,0.3842,2.165,0.127,4,3.278,0.99974,0.0763
746,24.865,1.253,0.3809,2.033,0.131,4,3.212,0.99979,0.0871
747,24.899,1.257,0.3728,2.018,0.122,4,3.277,1.00023,0.0790
748,24.932,1.256,0.3726,1.943,0.095,5,3.283,1.00022,0.0852
749,24.965,1.226,0.3689,1.876,0.010,5,3.227,1.00013,0.0772
750,24.999,1.132,0.2886,1.611,0.035,3,3.563,1.00017,0.0781
751,25.032,1.105,0.2793,1.605,-0.053,3,3.557,1.00009,0.0776
752,25.065,0.977,0.2461,1.482,-0.053,2,3.446,1.00003,0.0772
753,25.099,0.947,0.2399,1.391,-0.171,2,3.414,0.99988,0.0709
754,25.132,0.907,0.2124,1.209,-0.100,2,3.642,0.99974,0.0640
755,25.165,0.920,0.2028,1.069,-0.095,1,3.949,0.99972,0.0621
756,25.199,0.847,0.1914,0.834,-0.121,2,3.864,0.99937,0.0567
757,25.232,0.722,0.1573,0.634,-0.061,2,3.933,0.99983,0.0537
758,25.265,0.746,0.1049,0.506,-0.021,2,5.816,0.99987,0.0499
759,25.299,0.512,0.1042,0.564,-0.044,2,3.593,0.99987,0.0482
760,25.332,0.485,0.1101,0.576,-0.071,1,3.184,0.99991,0.0481
761,25.365,0.586,0.1852,0.804,-0.105,2,2.561,0.99955,0.0483
762,25.399,0.673,0.1992,0.983,-0.081,2,2.729,0.99984,0.0454
763,25.432,0.553,0.1981,1.002,-0.056,2,2.193,0.99976,0.0452
764,25.465,0.440,0.1746,1.134,0.062,1,1.781,0.99990,0.0305
765,25.499,0.356,0.1018,0.747,-0.283,0,1.691,0.99905,0.0287
766,25.532,0.341,0.0681,0.352,-0.448,2,2.770,0.99940,0.0346
767,25.565,0.319,0.0650,0.097,-0.096,2,3.054,0.99991,0.0380
768,25.599,0.269,0.0594,0.043,0.005,1,2.606,0.99971,0.0277
769,25.632,0.271,0.0557,0.098,-0.088,1,2.738,0.99960,0.0280
770,25.665,0.290,0.0654,0.251,-0.169,2,2.407,0.99962,0.0270
771,25.699,0.262,0.0625,0.294,-0.583,2,2.157,0.99956,0.0300
772,25.732,0.200,0.0106,0.447,-0.122,0,4.323,0.99973,0.0193
773,25.765,0.225,0.0494,0.582,0.380,0,1.922,0.99992,0.0123
774,25.799,0.260,0.0668,0.486,0.379,2,2.004,0.99973,0.0094
775,25.832,0.230,0.0690,0.421,0.268,2,1.675,0.99932,0.0077
776,25.865,0.208,0.0509,0.155,-0.002,2,1.801,0.99996,0.0161
777,25.899,0.314,0.0760,-0.020,0.102,2,2.916,0.99979,0.0127
778,25.932,0.447,0.0796,0.056,0.058,2,4.381,0.99942,0.0027
779,25.965,0.567,0.0804,-0.008,-0.023,2,6.161,0.99974,0.0080
780,25.999,0.708,0.0817,-0.059,-0.112,2,7.697,0.99984,0.0024
781,26.032,0.785,0.0808,-0.060,-0.117,2,8.803,0.99995,-0.0059
782,26.065,0.783,0.0760,0.010,0.093,2,9.544,0.99990,-0.0042
783,26.099,0.830,0.0759,0.033,0.133,2,10.024,0.99974,-0.0081
784,26.132,0.891,0.0788,0.044,0.290,2,9.853,0.99966,-0.0176
785,26.165,0.956,0.0892,-0.296,0.304,1,9.134,0.99957,-0.0155
786,26.199,0.994,0.0907,-0.444,0.177,1,9.077,0.99956,-0.0160
787,26.232,1.044,0.1111,-0.590,0.225,1,7.691,0.99969,-0.0231
788,26.265,1.076,0.1334,-0.705,0.205,1,6.626,0.99978,-0.0260
789,26.299,1.157,0.1892,-0.808,0.197,1,5.309,1.00002,-0.0284
790,26.332,1.163,0.2078,-0.864,0.108,2,4.883,0.99967,-0.0329
791,26.365,1.235,0.2238,-0.986,0.167,2,4.838,0.99983,-0.0384
792,26.399,1.277,0.2477,-1.109,0.160,4,4.551,0.99974,-0.0376
793,26.432,1.431,0.2675,-1.158,0.193,5,4.815,0.99957,-0.0418
794,26.465,1.310,0.2548,-1.094,0.099,5,4.560,0.99956,-0.0392
795,26.499,1.265,0.2491,-1.043,0.118,4,4.489,0.99949,-0.0445
796,26.532,1.232,0.2368,-0.928,0.118,4,4.585,0.99955,-0.0443
797,26.565,1.198,0.2387,-0.865,0.084,4,4.374,0.99914,-0.0467
798,26.599,1.170,0.2767,-0.927,-0.021,6,3.715,0.99897,-0.0442
799,26.632,1.090,0.2705,-0.957,-0.022,4,3.484,0.99903,-0.0447
800,26.665,1.143,0.2618,-0.970,-0.038,4,3.737,0.99921,-0.0489
801,26.699,1.039,0.2527,-0.927,0.064,5,3.484,0.99933,-0.0477
802,26.732,0.917,0.2376,-0.865,0.122,3,3.233,0.99955,-0.0501
803,26.765,0.871,0.2342,-0.901,0.214,3,2.967,0.99996,-0.0372
804,26.799,0.753,0.1690,-0.529,0.263,4,3.400,1.00000,-0.0397
805,26.832,0.695,0.1427,-0.295,0.201,4,3.698,0.99993,-0.0492
806,26.865,0.621,0.1352,-0.207,0.052,4,3.558,1.00012,-0.0359
807,26.899,0.589,0.1293,-0.128,0.181,4,3.344,1.00014,-0.0317
808,26.932,0.633,0.1354,0.063,0.168,4,3.267,1.00032,-0.0385
809,26.965,0.725,0.1534,0.235,0.377,4,3.362,1.00009,-0.0440
810,26.999,0.644,0.1484,0.019,0.398,3,3.050,1.00006,-0.0320
811,27.032,0.604,0.1439,-0.013,0.465,4,2.648,1.00016,-0.0382
812,27.065,0.644,0.1644,0.010,0.584,3,2.581,1.00013,-0.0419
813,27.099,0.636,0.1508,0.102,0.600,5,2.754,1.00037,-0.0295
814,27.132,0.647,0.1664,0.223,0.550,3,2.679,1.00005,-0.0348
815,27.165,0.586,0.1638,0.139,0.494,3,2.392,1.00017,-0.0373
816,27.199,0.556,0.1567,0.125,0.426,3,2.354,1.00044,-0.0298
817,27.232,0.515,0.1496,-0.079,0.373,3,2.284,1.00025,-0.0371
818,27.265,0.522,0.1265,-0.225,0.307,2,2.485,1.00064,-0.0380
819,27.299,0.557,0.1464,-0.453,0.322,2,2.432,1.00042,-0.0316
820,27.332,0.644,0.1919,-0.482,0.393,2,2.308,1.00073,-0.0354
821,27.365,0.701,0.2129,-0.522,0.391,2,2.506,1.00029,-0.0378
822,27.399,0.807,0.2165,-0.586,0.408,3,2.878,1.00069,-0.0302
823,27.432,0.902,0.1784,-0.528,0.394,2,3.962,1.00037,-0.0244
824,27.465,1.004,0.1955,-0.500,0.370,2,4.145,1.00063,-0.0327
825,27.499,0.979,0.1662,-0.462,0.282,2,4.831,1.00034,-0.0232
826,27.532,0.940,0.1610,-0.508,0.232,2,4.760,1.00019,-0.0256
827,27.565,0.930,0.1669,-0.519,0.131,2,4.538,1.00050,-0.0291
828,27.599,0.913,0.1852,-0.676,0.151,3,3.904,1.00023,-0.0234
829,27.632,0.890,0.2139,-0.670,0.096,3,3.388,1.00051,-0.0249
830,27.665,0.788,0.1934,-0.678,0.069,2,3.053,1.00028,-0.0206
831,27.699,0.556,0.1772,-0.599,-0.119,4,2.047,1.00069,-0.0134
832,27.732,0.379,0.1090,-0.771,-0.288,1,1.374,1.00037,-0.0165
833,27.765,0.478,0.1827,-0.888,-0.424,3,1.592,1.00046,-0.0149
834,27.799,0.555,0.1856,-0.807,-0.340,4,1.997,1.00011,-0.0174
835,27.832,0.586,0.1780,-0.741,-0.357,3,2.333,1.00024,-0.0138
836,27.865,0.547,0.1688,-0.712,-0.181,3,2.269,1.00009,-0.0100
837,27.899,0.315,0.0710,-0.520,-0.138,2,1.487,1.00014,0.0068
838,27.932,0.254,0.0529,0.152,0.482,2,1.600,1.00064,-0.0111
839,27.965,0.312,0.1008,0.174,0.691,2,1.541,1.00012,-0.0020
840,27.999,0.224,0.0359,0.084,0.377,1,1.340,1.00033,0.0000
841,28.032,0.281,0.0818,-0.316,-0.192,2,1.435,1.00064,0.0109
842,28.065,0.561,0.1440,-0.149,-0.140,1,2.988,1.00012,0.0053
843,28.099,0.803,0.1497,0.115,-0.137,1,4.577,1.00013,0.0071
844,28.132,0.817,0.1396,0.024,-0.096,1,5.181,1.00005,0.0063
845,28.165,0.857,0.1243,-0.055,-0.002,2,6.171,1.00018,0.0050
846,28.199,0.934,0.1194,-0.080,-0.052,4,6.874,1.00032,0.0198
847,28.232,1.030,0.1064,0.016,-0.248,3,8.551,1.00034,0.0169
848,28.265,1.085,0.0997,0.088,-0.278,3,9.589,1.00024,0.0211
849,28.298,1.153,0.1296,0.406,-0.357,2,7.506,1.00075,0.0214
850,28.332,1.205,0.1577,0.387,-0.544,3,6.638,1.00053,0.0279
851,28.365,1.348,0.1797,0.419,-0.643,4,6.603,1.00067,0.0167
852,28.398,1.367,0.1884,0.340,-0.697,3,6.553,1.00088,0.0245
853,28.432,1.326,0.1885,0.447,-0.775,3,6.161,1.00034,0.0312
854,28.465,1.358,0.1907,0.615,-0.583,3,6.279,1.00035,0.0297
855,28.498,1.434,0.2360,0.963,-0.547,4,5.422,1.00029,0.0388
856,28.532,1.558,0.3231,1.309,-0.434,3,4.516,0.99968,0.0425
857,28.565,1.456,0.3778,1.541,-0.368,3,3.725,0.99959,0.0410
858,28.598,1.333,0.3611,1.507,-0.292,5,3.527,0.99975,0.0416
859,28.632,1.235,0.3199,1.462,-0.122,3,3.567,0.99953,0.0444
860,28.665,1.229,0.3641,1.540,-0.057,4,3.224,0.99971,0.0389
861,28.698,1.192,0.2827,1.362,-0.103,3,3.793,0.99955,0.0400
862,28.732,1.163,0.2505,1.220,-0.097,2,4.083,0.99954,0.0360
863,28.765,1.068,0.2074,0.983,-0.149,2,4.432,0.99988,0.0350
864,28.798,0.921,0.1739,0.795,-0.198,2,4.457,0.99988,0.0332
865,28.832,0.837,0.1390,0.684,-0.289,2,4.765,1.00000,0.0282
866,28.865,0.695,0.0995,0.524,-0.291,2,5.196,1.00004,0.0299
867,28.898,0.653,0.0991,0.429,-0.439,2,4.686,1.00002,0.0267
868,28.932,0.541,0.0903,0.274,-0.457,2,4.067,1.00006,0.0278
869,28.965,0.509,0.0896,0.255,-0.490,3,3.624,1.00006,0.0156
870,28.998,0.455,0.0852,0.004,-0.442,2,3.474,1.00010,0.0201
871,29.032,0.410,0.0822,-0.113,-0.297,2,3.440,1.00003,0.0178
872,29.065,0.443,0.0833,-0.118,-0.312,2,3.759,1.00001,0.0123
873,29.098,0.481,0.0849,-0.107,-0.323,2,4.051,0.99995,0.0173
874,29.132,0.499,0.0824,0.081,-0.332,2,4.304,0.99970,0.0075
875,29.165,0.378,0.0837,-0.623,2.156,9,2.395,0.99637,-0.1900
876,29.198,0.384,0.0871,0.797,-0.033,1,2.023,0.99977,0.0090
877,29.232,0.358,0.0989,0.771,-0.833,2,1.578,0.99971,0.0178
878,29.265,0.330,0.0890,0.712,-0.552,0,1.460,0.99978,0.0073
879,29.298,0.249,0.0140,0.636,-0.071,0,2.320,0.99997,0.0033
880,29.332,0.184,0.0043,0.443,0.117,0,4.483,0.99995,-0.0015
881,29.365,0.111,0.0025,0.149,-0.082,0,1.474,0.99987,-0.0015
882,29.398,0.137,0.0022,-0.104,-0.297,0,1.398,0.99967,-0.0015
883,29.432,0.192,0.0096,-0.296,-0.485,0,1.847,0.99992,0.0032
884,29.465,0.209,0.0098,-0.361,-0.415,0,1.431,0.99990,-0.0024
885,29.498,0.279,0.0377,-0.467,-0.526,0,1.256,0.99986,0.0004
886,29.532,0.306,0.0206,-0.346,-0.482,0,3.191,0.99995,-0.0027
887,29.565,0.286,0.0233,-0.324,-0.410,0,2.982,1.00004,-0.0005
888,29.598,0.295,0.0219,-0.125,-0.170,0,3.457,1.00000,-0.0051
889,29.632,0.259,0.0251,-0.227,-0.043,2,1.371,1.00014,-0.0010
890,29.665,0.273,0.0211,-0.091,-0.566,0,1.423,1.00010,0.0073
891,29.698,0.420,0.0911,0.145,-1.348,2,1.868,0.99997,0.0272
892,29.732,0.542,0.1693,0.370,-1.159,2,2.009,1.00009,0.0225
893,29.765,0.638,0.1929,0.330,-1.067,2,2.321,1.00008,0.0208
894,29.798,0.732,0.1585,0.200,-0.930,2,3.390,1.00016,0.0232
895,29.832,0.929,0.2191,0.189,-0.963,2,3.559,1.00031,0.0321
896,29.865,1.125,0.2680,0.464,-1.139,2,3.715,1.00025,0.0377
897,29.898,1.254,0.2590,0.800,-0.986,2,4.295,1.00041,0.0370
898,29.932,1.377,0.2648,0.987,-0.857,3,4.699,1.00038,0.0479
899,29.965,1.432,0.3471,1.211,-0.857,4,3.927,1.00028,0.0501
