point,x1,y1,lk_x2,lk_y2,actual_x2,actual_y2,ncc_score,displacement_px,lk_error_px,opencv_lk_error_px,used
0,592.00,750.00,595.17,752.23,595.13,752.20,0.997,3.83,0.048,0.049,1
1,268.00,498.00,268.89,497.96,268.94,497.97,0.998,0.94,0.048,0.048,1
2,270.00,416.00,271.15,415.75,271.16,415.76,0.993,1.18,0.016,0.017,1
3,603.00,542.00,606.30,542.54,606.23,542.58,0.989,3.28,0.078,0.078,1
4,413.00,536.00,414.49,536.19,414.45,536.10,0.989,1.46,0.096,0.096,1
5,291.00,429.00,292.12,428.72,292.08,428.75,0.990,1.11,0.047,0.048,1
6,408.00,508.00,409.48,508.09,409.50,508.11,0.978,1.50,0.028,0.030,1
7,215.00,537.00,215.70,537.16,215.79,537.09,0.981,0.79,0.110,0.109,1
8,505.00,541.00,507.22,541.30,507.13,541.23,0.991,2.14,0.115,0.118,1
9,266.00,438.00,267.12,437.80,267.07,437.88,0.997,1.08,0.099,0.093,1
10,279.00,437.00,280.18,436.79,280.14,436.88,0.991,1.15,0.096,0.093,1
11,358.00,511.00,359.33,511.00,359.31,511.05,0.971,1.31,0.057,0.056,1
12,344.00,432.00,345.26,431.78,345.19,431.80,0.972,1.21,0.075,0.078,1
13,190.00,534.00,190.63,534.20,190.69,534.09,0.988,0.69,0.124,0.128,1
14,135.00,571.00,135.19,571.44,135.07,571.36,0.961,0.36,0.145,0.152,1
15,316.00,423.00,317.26,422.72,317.20,422.79,0.994,1.22,0.087,0.088,1
16,364.00,539.00,365.34,539.17,365.26,539.06,0.986,1.26,0.134,0.127,1
17,338.00,442.00,339.26,441.78,339.18,441.86,0.975,1.19,0.111,0.116,1
18,370.00,508.00,371.37,508.02,371.34,508.03,0.987,1.34,0.036,0.036,1
19,33.00,714.00,30.81,716.31,30.92,716.23,0.986,3.05,0.138,0.125,1
20,301.00,429.00,302.16,428.75,302.11,428.75,0.992,1.14,0.045,0.048,1
21,233.00,525.00,233.87,525.00,233.92,524.97,0.997,0.92,0.060,0.060,1
22,343.00,466.00,344.24,465.91,344.18,465.95,0.995,1.18,0.065,0.067,1
23,176.00,540.00,176.58,540.19,176.64,540.05,0.990,0.65,0.151,0.154,1
24,284.00,395.00,285.14,394.78,285.11,394.85,0.997,1.12,0.076,0.075,1
25,357.00,414.00,358.30,413.67,358.23,413.70,0.973,1.26,0.082,0.080,1
26,124.00,646.00,123.95,646.84,123.97,646.88,0.993,0.89,0.050,0.050,1
