person_id,x,y
0,307.0,53.0
0,306.0,54.0
0,305.0,54.0
0,304.0,54.0
0,303.0,55.0
0,302.0,55.0
0,301.0,55.0
0,300.0,55.0
0,299.0,55.0
0,298.0,55.0
0,297.0,55.0
0,296.0,56.0
0,295.0,56.0
0,294.0,56.0
0,293.0,56.0
0,292.0,57.0
0,291.0,57.0
0,290.0,58.0
0,289.0,58.0
0,288.0,58.0
0,287.0,59.0
0,286.0,59.0
0,285.0,59.0
0,284.0,59.0
0,283.0,60.0
0,282.0,60.0
0,281.0,60.0
0,280.0,60.0
0,279.0,61.0
0,278.0,61.0
0,277.0,62.0
0,276.0,62.0
0,275.0,62.0
0,274.0,63.0
0,273.0,63.0
0,272.0,62.0
0,271.0,63.0
0,270.0,62.0
0,269.0,62.0
0,268.0,62.0
0,267.0,62.0
0,266.0,63.0
0,265.0,63.0
0,264.0,64.0
0,263.0,65.0
0,262.0,65.0
0,261.0,66.0
0,260.0,66.0
0,259.0,67.0
0,258.0,67.0
0,257.0,68.0
0,256.0,68.0
0,255.0,69.0
0,254.0,69.0
0,253.0,68.0
0,252.0,68.0
0,251.0,67.0
0,250.0,67.0
0,249.0,68.0
0,248.0,68.0
0,247.0,69.0
0,246.0,69.0
0,245.0,70.0
0,244.0,70.0
0,243.0,71.0
0,242.0,71.0
0,241.0,72.0
0,240.0,72.0
0,239.0,73.0
0,238.0,74.0
0,237.0,75.0
0,236.0,76.0
0,235.0,76.0
0,234.0,77.0
0,233.0,77.0
0,232.0,78.0
0,231.0,79.0
0,230.0,80.0
0,230.0,81.0
0,229.0,82.0
0,228.0,83.0
0,227.0,84.0
0,226.0,84.0
0,225.0,85.0
0,225.0,86.0
0,224.0,87.0
0,224.0,88.0
0,224.0,89.0
0,224.0,90.0
0,224.0,91.0
0,224.0,92.0
0,223.0,93.0
0,222.0,94.0
0,221.0,95.0
0,220.0,96.0
0,219.0,97.0
0,219.0,98.0
0,219.0,99.0
0,219.0,100.0
0,219.0,101.0
0,219.0,102.0
0,219.0,103.0
0,219.0,104.0
0,219.0,105.0
0,219.0,106.0
0,220.0,107.0
0,221.0,108.0
0,221.0,109.0
0,221.0,110.0
0,221.0,111.0
0,220.0,112.0
0,220.0,113.0
0,219.0,114.0
0,219.0,115.0
0,219.0,116.0
0,219.0,117.0
0,219.0,118.0
0,219.0,119.0
0,219.0,120.0
0,219.0,121.0
0,219.0,122.0
0,219.0,123.0
0,219.0,124.0
0,220.0,125.0
0,220.0,126.0
0,220.0,127.0
0,219.0,128.0
0,219.0,129.0
0,219.0,130.0
0,219.0,131.0
0,220.0,132.0
0,219.0,133.0
0,218.0,134.0
0,217.0,134.0
0,216.0,135.0
0,215.0,136.0
0,214.0,136.0
0,213.0,137.0
0,212.0,138.0
0,211.0,138.0
0,210.0,139.0
0,209.0,140.0
0,208.0,140.0
0,207.0,141.0
0,206.0,142.0
0,205.0,142.0
0,204.0,143.0
0,203.0,144.0
0,202.0,145.0
0,201.0,145.0
0,200.0,146.0
0,199.0,146.0
0,198.0,147.0
0,197.0,147.0
0,196.0,148.0
0,195.0,148.0
0,194.0,149.0
0,193.0,149.0
0,192.0,149.0
0,191.0,150.0
0,190.0,150.0
0,189.0,151.0
0,188.0,150.0
0,187.0,151.0
0,186.0,151.0
0,185.0,151.0
0,184.0,151.0
0,183.0,151.0
0,182.0,151.0
0,181.0,150.0
0,180.0,150.0
0,179.0,150.0
0,178.0,150.0
0,177.0,149.0
0,176.0,149.0
0,175.0,149.0
0,174.0,149.0
0,173.0,149.0
0,172.0,149.0
0,171.0,149.0
0,170.0,149.0
0,169.0,149.0
0,168.0,149.0
0,167.0,149.0
0,166.0,149.0
0,165.0,149.0
0,164.0,148.0
0,163.0,148.0
0,162.0,148.0
0,161.0,148.0
0,160.0,148.0
0,159.0,148.0
0,158.0,148.0
0,157.0,148.0
0,156.0,148.0
0,155.0,147.0
0,154.0,147.0
0,153.0,146.0
0,152.0,147.0
0,151.0,146.0
0,150.0,146.0
0,149.0,146.0
0,148.0,145.0
0,147.0,145.0
0,146.0,145.0
0,145.0,145.0
0,144.0,144.0
0,143.0,144.0
0,142.0,144.0
0,141.0,144.0
0,140.0,143.0
0,139.0,143.0
0,138.0,143.0
0,137.0,143.0
0,136.0,142.0
0,135.0,142.0
0,134.0,141.0
0,133.0,141.0
0,132.0,141.0
0,131.0,141.0
0,130.0,140.0
0,129.0,139.0
0,128.0,138.0
0,128.0,137.0
0,127.0,136.0
0,127.0,135.0
0,127.0,134.0
0,127.0,133.0
0,127.0,132.0
0,127.0,131.0
0,127.0,130.0
0,126.0,129.0
0,126.0,128.0
0,126.0,127.0
0,125.0,126.0
0,125.0,125.0
0,124.0,124.0
0,124.0,123.0
0,123.0,122.0
0,122.0,121.0
0,121.0,120.0
0,120.0,119.0
0,119.0,118.0
0,119.0,117.0
0,118.0,116.0
0,117.0,115.0
0,116.0,114.0
0,115.0,114.0
0,114.0,113.0
0,113.0,113.0
0,112.0,113.0
0,111.0,113.0
0,110.0,113.0
0,109.0,113.0
0,108.0,113.0
0,107.0,113.0
0,106.0,114.0
0,105.0,114.0
0,104.0,115.0
0,104.0,116.0
0,103.0,117.0
0,103.0,118.0
0,102.0,119.0
0,101.0,120.0
0,101.0,121.0
0,101.0,122.0
0,101.0,123.0
0,101.0,124.0
0,102.0,125.0
0,103.0,125.0
0,104.0,126.0
0,105.0,127.0
0,105.0,128.0
0,105.0,129.0
0,105.0,130.0
0,105.0,131.0
0,105.0,132.0
0,105.0,133.0
0,106.0,134.0
0,106.0,135.0
0,106.0,136.0
0,106.0,137.0
0,106.0,138.0
0,107.0,139.0
0,107.0,140.0
0,107.0,141.0
0,107.0,142.0
0,107.0,143.0
0,108.0,144.0
0,108.0,145.0
0,109.0,146.0
0,109.0,147.0
0,110.0,148.0
0,111.0,149.0
0,112.0,150.0
0,113.0,151.0
0,114.0,152.0
0,115.0,153.0
0,116.0,154.0
0,117.0,155.0
0,118.0,155.0
0,119.0,156.0
0,120.0,157.0
0,121.0,157.0
0,122.0,158.0
0,123.0,159.0
0,124.0,159.0
0,125.0,160.0
0,126.0,161.0
0,127.0,161.0
0,128.0,162.0
0,129.0,163.0
0,130.0,163.0
0,131.0,164.0
0,132.0,164.0
0,133.0,165.0
0,134.0,165.0
0,135.0,166.0
0,136.0,167.0
0,137.0,167.0
0,138.0,168.0
0,139.0,168.0
0,140.0,169.0
0,141.0,169.0
0,142.0,170.0
0,143.0,170.0
0,144.0,171.0
0,145.0,171.0
0,146.0,172.0
0,147.0,172.0
0,148.0,173.0
0,149.0,173.0
0,150.0,174.0
0,151.0,174.0
0,152.0,175.0
0,153.0,175.0
0,154.0,176.0
0,155.0,176.0
0,156.0,176.0
0,157.0,177.0
0,158.0,177.0
0,159.0,177.0
0,160.0,178.0
0,161.0,178.0
0,162.0,178.0
0,163.0,179.0
0,164.0,179.0
0,165.0,179.0
0,166.0,180.0
0,167.0,180.0
0,168.0,180.0
0,169.0,180.0
0,170.0,181.0
0,171.0,181.0
0,172.0,181.0
0,173.0,181.0
0,174.0,182.0
0,175.0,182.0
0,176.0,182.0
0,177.0,182.0
0,178.0,182.0
0,179.0,182.0
0,180.0,182.0
0,181.0,182.0
0,182.0,182.0
0,183.0,183.0
0,184.0,183.0
0,185.0,183.0
0,186.0,183.0
0,187.0,184.0
0,188.0,184.0
0,189.0,184.0
0,190.0,184.0
0,191.0,185.0
0,192.0,185.0
0,193.0,185.0
0,194.0,185.0
0,195.0,185.0
0,196.0,185.0
0,197.0,185.0
0,198.0,185.0
0,199.0,185.0
0,200.0,185.0
0,201.0,185.0
0,202.0,185.0
0,203.0,185.0
0,204.0,184.0
0,205.0,184.0
0,206.0,184.0
0,207.0,184.0
0,208.0,185.0
0,209.0,186.0
0,209.0,187.0
0,210.0,188.0
0,211.0,188.0
0,212.0,189.0
0,213.0,189.0
0,214.0,189.0
0,215.0,189.0
0,216.0,188.0
0,217.0,188.0
0,218.0,187.0
0,219.0,188.0
0,220.0,187.0
0,221.0,187.0
0,222.0,187.0
0,223.0,187.0
0,224.0,187.0
0,225.0,188.0
0,226.0,189.0
0,227.0,189.0
0,228.0,190.0
0,229.0,191.0
0,229.0,192.0
0,228.0,193.0
0,227.0,194.0
0,226.0,195.0
0,225.0,196.0
0,225.0,197.0
0,225.0,198.0
0,224.0,199.0
0,224.0,200.0
0,224.0,201.0
0,224.0,202.0
0,223.0,203.0
0,222.0,204.0
0,222.0,205.0
0,222.0,206.0
0,222.0,207.0
0,221.0,208.0
0,221.0,209.0
0,220.0,210.0
0,219.0,211.0
0,218.0,212.0
0,217.0,213.0
0,216.0,213.0
0,215.0,214.0
0,214.0,214.0
0,213.0,214.0
0,212.0,214.0
0,211.0,214.0
0,210.0,215.0
0,209.0,215.0
0,208.0,216.0
0,207.0,216.0
0,206.0,217.0
0,205.0,217.0
0,204.0,217.0
0,203.0,217.0
0,202.0,218.0
0,201.0,218.0
0,200.0,219.0
0,199.0,219.0
0,198.0,220.0
0,197.0,221.0
0,196.0,221.0
0,195.0,222.0
0,194.0,223.0
0,193.0,224.0
0,192.0,225.0
0,192.0,226.0
0,191.0,227.0
0,190.0,228.0
0,189.0,229.0
0,188.0,230.0
0,187.0,231.0
0,187.0,232.0
0,186.0,233.0
0,185.0,234.0
0,185.0,235.0
0,184.0,236.0
0,184.0,237.0
0,183.0,238.0
0,182.0,239.0
0,182.0,240.0
0,181.0,241.0
0,181.0,242.0
0,180.0,243.0
0,180.0,244.0
0,179.0,245.0
0,179.0,246.0
0,178.0,247.0
0,178.0,248.0
0,177.0,249.0
0,177.0,250.0
0,176.0,251.0
0,176.0,252.0
0,176.0,253.0
0,176.0,254.0
0,176.0,255.0
0,175.0,256.0
0,174.0,257.0
0,174.0,258.0
0,174.0,259.0
0,174.0,260.0
0,174.0,261.0
0,174.0,262.0
0,174.0,263.0
0,173.0,264.0
0,173.0,265.0
0,173.0,266.0
0,173.0,267.0
0,172.0,268.0
0,172.0,269.0
0,172.0,270.0
0,172.0,271.0
0,171.0,272.0
0,171.0,273.0
0,171.0,274.0
0,171.0,275.0
0,170.0,276.0
0,170.0,277.0
0,170.0,278.0
0,170.0,279.0
0,169.0,280.0
0,169.0,281.0
0,169.0,282.0
0,168.0,283.0
0,168.0,284.0
0,168.0,285.0
0,168.0,286.0
0,168.0,287.0
0,167.0,288.0
0,167.0,289.0
0,167.0,290.0
0,166.0,291.0
0,166.0,292.0
0,166.0,293.0
0,165.0,294.0
0,165.0,295.0
0,165.0,296.0
0,165.0,297.0
0,164.0,298.0
0,164.0,299.0
0,164.0,300.0
0,164.0,301.0
0,163.0,302.0
0,163.0,303.0
0,163.0,304.0
0,163.0,305.0
0,163.0,306.0
0,162.0,307.0
0,162.0,308.0
0,162.0,309.0
0,162.0,310.0
0,162.0,311.0
0,161.0,312.0
0,161.0,313.0
0,161.0,314.0
0,161.0,315.0
0,161.0,316.0
0,161.0,317.0
0,160.0,318.0
0,160.0,319.0
0,160.0,320.0
0,160.0,321.0
0,160.0,322.0
0,160.0,323.0
0,159.0,324.0
0,159.0,325.0
0,159.0,326.0
0,159.0,327.0
0,159.0,328.0
0,159.0,329.0
0,158.0,330.0
0,158.0,331.0
0,158.0,332.0
0,158.0,333.0
0,158.0,334.0
0,158.0,335.0
0,157.0,336.0
0,157.0,337.0
0,157.0,338.0
0,157.0,339.0
0,157.0,340.0
0,156.0,341.0
0,156.0,342.0
0,156.0,343.0
0,156.0,344.0
0,156.0,345.0
0,156.0,346.0
0,156.0,347.0
0,156.0,348.0
0,156.0,349.0
0,155.0,350.0
0,155.0,351.0
0,155.0,352.0
0,155.0,353.0
0,155.0,354.0
0,155.0,355.0
0,155.0,356.0
0,155.0,357.0
0,155.0,358.0
0,155.0,359.0
0,154.0,360.0
0,154.0,361.0
0,154.0,362.0
0,154.0,363.0
0,154.0,364.0
0,154.0,365.0
0,154.0,366.0
0,154.0,367.0
0,154.0,368.0
0,154.0,369.0
0,154.0,370.0
0,154.0,371.0
0,154.0,372.0
0,154.0,373.0
0,154.0,374.0
0,154.0,375.0
0,154.0,376.0
0,154.0,377.0
0,154.0,378.0
0,154.0,379.0
0,154.0,380.0
0,154.0,381.0
0,154.0,382.0
0,154.0,383.0
0,153.0,384.0
0,153.0,385.0
0,153.0,386.0
0,152.0,387.0
0,152.0,388.0
0,152.0,389.0
0,151.0,390.0
0,151.0,391.0
0,151.0,392.0
0,151.0,393.0
0,150.0,394.0
0,150.0,395.0
0,150.0,396.0
0,150.0,397.0
0,150.0,398.0
0,150.0,399.0
0,149.0,400.0
0,149.0,401.0
0,149.0,402.0
0,149.0,403.0
0,149.0,404.0
0,149.0,405.0
0,149.0,406.0
0,148.0,407.0
0,148.0,408.0
0,148.0,409.0
0,148.0,410.0
0,148.0,411.0
0,148.0,412.0
0,148.0,413.0
0,148.0,414.0
0,148.0,415.0
0,148.0,416.0
0,148.0,417.0
0,147.0,418.0
0,147.0,419.0
0,147.0,420.0
0,146.0,421.0
0,145.0,422.0
0,145.0,423.0
0,145.0,424.0
0,144.0,425.0
0,144.0,426.0
0,144.0,427.0
0,143.0,428.0
0,143.0,429.0
0,142.0,430.0
0,142.0,431.0
0,141.0,432.0
0,141.0,433.0
0,140.0,434.0
0,140.0,435.0
0,139.0,436.0
0,139.0,437.0
0,138.0,438.0
0,138.0,439.0
0,138.0,440.0
0,137.0,441.0
0,137.0,442.0
0,136.0,443.0
0,136.0,444.0
0,136.0,445.0
0,135.0,446.0
0,135.0,447.0
0,135.0,448.0
0,135.0,449.0
0,135.0,450.0
0,135.0,451.0
0,135.0,452.0
0,136.0,453.0
0,136.0,454.0
0,137.0,455.0
0,138.0,456.0
0,138.0,457.0
0,138.0,458.0
0,138.0,459.0
0,139.0,460.0
0,140.0,461.0
0,139.0,462.0
0,139.0,463.0
0,138.0,464.0
0,138.0,465.0
0,138.0,466.0
0,138.0,467.0
0,138.0,468.0
0,138.0,469.0
0,138.0,470.0
0,138.0,471.0
0,139.0,472.0
0,139.0,473.0
0,139.0,474.0
0,139.0,475.0
0,139.0,476.0
0,139.0,477.0
0,139.0,478.0
0,139.0,479.0
0,139.0,480.0
0,139.0,481.0
0,140.0,482.0
0,140.0,483.0
0,140.0,484.0
0,141.0,485.0
0,141.0,486.0
0,142.0,487.0
0,142.0,488.0
0,142.0,489.0
0,143.0,490.0
0,143.0,491.0
0,144.0,492.0
0,144.0,493.0
0,144.0,494.0
0,145.0,495.0
0,145.0,496.0
0,145.0,497.0
0,146.0,498.0
0,146.0,499.0
0,146.0,500.0
0,147.0,501.0
0,147.0,502.0
0,147.0,503.0
0,148.0,504.0
0,149.0,505.0
0,149.0,506.0
0,150.0,507.0
0,151.0,507.0
0,152.0,508.0
0,153.0,509.0
0,154.0,510.0
0,155.0,510.0
0,156.0,511.0
0,157.0,511.0
0,158.0,512.0
0,159.0,512.0
0,160.0,512.0
0,161.0,512.0
0,162.0,512.0
0,163.0,512.0
0,164.0,512.0
0,165.0,512.0
0,166.0,512.0
0,167.0,512.0
0,168.0,512.0
0,169.0,512.0
0,170.0,511.0
0,171.0,511.0
0,172.0,511.0
0,173.0,511.0
0,174.0,510.0
0,175.0,510.0
0,176.0,509.0
0,177.0,509.0
0,178.0,508.0
0,178.0,507.0
0,178.0,506.0
0,178.0,505.0
0,177.0,504.0
0,177.0,503.0
0,177.0,502.0
0,177.0,501.0
0,176.0,500.0
0,176.0,499.0
0,175.0,498.0
0,175.0,497.0
0,174.0,496.0
0,174.0,495.0
0,173.0,494.0
0,173.0,493.0
0,172.0,492.0
0,172.0,491.0
0,171.0,490.0
0,171.0,489.0
0,170.0,488.0
0,170.0,487.0
0,169.0,486.0
0,169.0,485.0
0,169.0,484.0
0,168.0,483.0
0,168.0,482.0
0,168.0,481.0
0,168.0,480.0
0,168.0,479.0
0,168.0,478.0
0,168.0,477.0
0,167.0,476.0
0,167.0,475.0
0,166.0,474.0
0,166.0,473.0
0,166.0,472.0
0,166.0,471.0
0,166.0,470.0
0,165.0,469.0
0,165.0,468.0
0,165.0,467.0
0,165.0,466.0
0,165.0,465.0
0,164.0,464.0
0,163.0,463.0
0,163.0,462.0
0,164.0,461.0
0,165.0,460.0
0,166.0,459.0
0,167.0,459.0
0,168.0,458.0
0,169.0,457.0
0,170.0,456.0
0,171.0,456.0
0,172.0,455.0
0,173.0,455.0
0,174.0,454.0
0,175.0,453.0
0,175.0,452.0
0,175.0,451.0
0,176.0,450.0
0,176.0,449.0
0,177.0,448.0
0,178.0,447.0
0,178.0,446.0
0,179.0,445.0
0,180.0,444.0
0,180.0,443.0
0,181.0,442.0
0,181.0,441.0
0,182.0,440.0
0,183.0,439.0
0,183.0,438.0
0,183.0,437.0
0,184.0,436.0
0,184.0,435.0
0,184.0,434.0
0,185.0,433.0
0,185.0,432.0
0,186.0,431.0
0,186.0,430.0
0,186.0,429.0
0,187.0,428.0
0,187.0,427.0
0,187.0,426.0
0,188.0,425.0
0,188.0,424.0
0,188.0,423.0
0,188.0,422.0
0,189.0,421.0
0,189.0,420.0
0,190.0,419.0
0,190.0,418.0
0,190.0,417.0
0,191.0,416.0
0,191.0,415.0
0,191.0,414.0
0,192.0,413.0
0,193.0,412.0
0,193.0,411.0
0,194.0,410.0
0,195.0,409.0
0,195.0,408.0
0,196.0,407.0
0,197.0,406.0
0,198.0,405.0
0,198.0,404.0
0,199.0,403.0
0,199.0,402.0
0,200.0,401.0
0,201.0,400.0
0,202.0,399.0
0,202.0,398.0
0,203.0,397.0
0,204.0,396.0
0,204.0,395.0
0,205.0,394.0
0,206.0,393.0
0,206.0,392.0
0,207.0,391.0
0,207.0,390.0
0,208.0,389.0
0,208.0,388.0
0,208.0,387.0
0,209.0,386.0
0,209.0,385.0
0,209.0,384.0
0,210.0,383.0
0,211.0,382.0
0,212.0,381.0
0,212.0,380.0
0,213.0,379.0
0,214.0,378.0
0,214.0,377.0
0,215.0,376.0
0,215.0,375.0
0,216.0,374.0
0,217.0,373.0
0,217.0,372.0
0,218.0,371.0
0,218.0,370.0
0,219.0,369.0
0,220.0,368.0
0,221.0,367.0
0,222.0,366.0
0,222.0,365.0
0,223.0,364.0
0,224.0,363.0
0,225.0,362.0
0,226.0,361.0
0,227.0,360.0
0,227.0,359.0
0,228.0,358.0
0,229.0,357.0
0,230.0,356.0
0,231.0,355.0
0,232.0,354.0
0,233.0,353.0
0,234.0,352.0
0,235.0,351.0
0,236.0,350.0
0,237.0,349.0
0,238.0,350.0
0,239.0,350.0
0,240.0,350.0
0,241.0,350.0
0,242.0,350.0
0,243.0,350.0
0,244.0,350.0
0,245.0,350.0
0,246.0,351.0
0,247.0,350.0
0,248.0,351.0
0,249.0,352.0
0,250.0,353.0
0,250.0,354.0
0,251.0,355.0
0,251.0,356.0
0,251.0,357.0
0,252.0,358.0
0,252.0,359.0
0,252.0,360.0
0,252.0,361.0
0,253.0,362.0
0,253.0,363.0
0,253.0,364.0
0,253.0,365.0
0,254.0,366.0
0,254.0,367.0
0,254.0,368.0
0,254.0,369.0
0,254.0,370.0
0,254.0,371.0
0,255.0,372.0
0,255.0,373.0
0,255.0,374.0
0,255.0,375.0
0,255.0,376.0
0,255.0,377.0
0,255.0,378.0
0,255.0,379.0
0,255.0,380.0
0,255.0,381.0
0,256.0,382.0
0,256.0,383.0
0,256.0,384.0
0,256.0,385.0
0,256.0,386.0
0,256.0,387.0
0,256.0,388.0
0,257.0,389.0
0,257.0,390.0
0,257.0,391.0
0,257.0,392.0
0,258.0,393.0
0,258.0,394.0
0,258.0,395.0
0,259.0,396.0
0,259.0,397.0
0,259.0,398.0
0,259.0,399.0
0,260.0,400.0
0,260.0,401.0
0,260.0,402.0
0,261.0,403.0
0,261.0,404.0
0,261.0,405.0
0,261.0,406.0
0,262.0,407.0
0,262.0,408.0
0,262.0,409.0
0,262.0,410.0
0,263.0,411.0
0,263.0,412.0
0,263.0,413.0
0,263.0,414.0
0,263.0,415.0
0,263.0,416.0
0,263.0,417.0
0,263.0,418.0
0,263.0,419.0
0,263.0,420.0
0,263.0,421.0
0,263.0,422.0
0,263.0,423.0
0,263.0,424.0
0,263.0,425.0
0,263.0,426.0
0,262.0,427.0
0,262.0,428.0
0,262.0,429.0
0,262.0,430.0
0,262.0,431.0
0,262.0,432.0
0,262.0,433.0
0,262.0,434.0
0,262.0,435.0
0,262.0,436.0
0,262.0,437.0
0,262.0,438.0
0,262.0,439.0
0,262.0,440.0
0,262.0,441.0
0,262.0,442.0
0,262.0,443.0
0,262.0,444.0
0,262.0,445.0
0,262.0,446.0
0,262.0,447.0
0,262.0,448.0
0,262.0,449.0
0,263.0,450.0
0,263.0,451.0
0,263.0,452.0
0,263.0,453.0
0,263.0,454.0
0,263.0,455.0
0,264.0,456.0
0,264.0,457.0
0,264.0,458.0
0,264.0,459.0
0,264.0,460.0
0,264.0,461.0
0,264.0,462.0
0,264.0,463.0
0,264.0,464.0
0,263.0,465.0
0,262.0,466.0
0,261.0,466.0
0,260.0,465.0
0,259.0,466.0
0,258.0,465.0
0,257.0,465.0
0,256.0,465.0
0,255.0,465.0
0,254.0,464.0
0,253.0,464.0
0,252.0,465.0
0,251.0,465.0
0,250.0,466.0
0,250.0,467.0
0,250.0,468.0
0,250.0,469.0
0,250.0,470.0
0,251.0,471.0
0,251.0,472.0
0,251.0,473.0
0,251.0,474.0
0,252.0,475.0
0,252.0,476.0
0,251.0,477.0
0,250.0,478.0
0,250.0,479.0
0,250.0,480.0
0,250.0,481.0
0,250.0,482.0
0,251.0,483.0
0,252.0,483.0
0,253.0,484.0
0,254.0,484.0
0,255.0,484.0
0,256.0,485.0
0,257.0,486.0
0,258.0,487.0
0,259.0,487.0
0,260.0,488.0
0,261.0,489.0
0,261.0,490.0
0,261.0,491.0
0,262.0,492.0
0,263.0,493.0
0,264.0,494.0
0,264.0,495.0
0,265.0,496.0
0,266.0,497.0
0,267.0,498.0
0,268.0,499.0
0,269.0,499.0
0,270.0,500.0
0,271.0,501.0
0,272.0,501.0
0,273.0,502.0
0,274.0,502.0
0,275.0,503.0
0,276.0,503.0
0,277.0,504.0
0,278.0,505.0
0,279.0,506.0
0,280.0,506.0
0,281.0,507.0
0,282.0,508.0
0,283.0,509.0
0,284.0,510.0
0,285.0,511.0
0,286.0,512.0
0,287.0,513.0
0,288.0,514.0
0,289.0,515.0
0,290.0,515.0
0,291.0,516.0
0,292.0,517.0
0,293.0,518.0
0,294.0,518.0
0,295.0,519.0
0,296.0,519.0
0,297.0,520.0
0,298.0,520.0
0,299.0,520.0
0,300.0,520.0
0,301.0,521.0
0,302.0,520.0
0,303.0,521.0
0,304.0,521.0
0,305.0,520.0
0,306.0,520.0
0,307.0,520.0
0,308.0,520.0
0,309.0,520.0
0,310.0,519.0
0,311.0,519.0
0,312.0,519.0
0,313.0,519.0
0,314.0,518.0
0,315.0,518.0
0,316.0,517.0
0,316.0,516.0
0,316.0,515.0
0,316.0,514.0
0,316.0,513.0
0,316.0,512.0
0,316.0,511.0
0,316.0,510.0
0,316.0,509.0
0,315.0,508.0
0,315.0,507.0
0,314.0,506.0
0,314.0,505.0
0,314.0,504.0
0,313.0,503.0
0,313.0,502.0
0,312.0,501.0
0,311.0,500.0
0,311.0,499.0
0,310.0,498.0
0,309.0,497.0
0,308.0,496.0
0,307.0,495.0
0,306.0,494.0
0,305.0,493.0
0,304.0,492.0
0,304.0,491.0
0,303.0,490.0
0,303.0,489.0
0,302.0,488.0
0,302.0,487.0
0,302.0,486.0
0,302.0,485.0
0,303.0,484.0
0,303.0,483.0
0,303.0,482.0
0,302.0,481.0
0,301.0,480.0
0,300.0,480.0
0,299.0,479.0
0,298.0,478.0
0,298.0,477.0
0,298.0,476.0
0,298.0,475.0
0,298.0,474.0
0,298.0,473.0
0,298.0,472.0
0,297.0,471.0
0,296.0,470.0
0,296.0,469.0
0,297.0,468.0
0,298.0,467.0
0,299.0,467.0
0,300.0,466.0
0,301.0,465.0
0,302.0,464.0
0,302.0,463.0
0,302.0,462.0
0,303.0,461.0
0,303.0,460.0
0,303.0,459.0
0,303.0,458.0
0,304.0,457.0
0,305.0,456.0
0,305.0,455.0
0,305.0,454.0
0,305.0,453.0
0,305.0,452.0
0,305.0,451.0
0,305.0,450.0
0,305.0,449.0
0,305.0,448.0
0,306.0,447.0
0,306.0,446.0
0,306.0,445.0
0,306.0,444.0
0,306.0,443.0
0,306.0,442.0
0,306.0,441.0
0,306.0,440.0
0,306.0,439.0
0,306.0,438.0
0,306.0,437.0
0,306.0,436.0
0,306.0,435.0
0,307.0,434.0
0,307.0,433.0
0,307.0,432.0
0,308.0,431.0
0,308.0,430.0
0,308.0,429.0
0,308.0,428.0
0,309.0,427.0
0,310.0,426.0
0,310.0,425.0
0,310.0,424.0
0,310.0,423.0
0,311.0,422.0
0,311.0,421.0
0,311.0,420.0
0,312.0,419.0
0,312.0,418.0
0,312.0,417.0
0,312.0,416.0
0,313.0,415.0
0,313.0,414.0
0,313.0,413.0
0,313.0,412.0
0,313.0,411.0
0,313.0,410.0
0,313.0,409.0
0,313.0,408.0
0,313.0,407.0
0,313.0,406.0
0,314.0,405.0
0,314.0,404.0
0,315.0,403.0
0,315.0,402.0
0,315.0,401.0
0,315.0,400.0
0,315.0,399.0
0,315.0,398.0
0,315.0,397.0
0,315.0,396.0
0,314.0,395.0
0,314.0,394.0
0,314.0,393.0
0,315.0,392.0
0,315.0,391.0
0,315.0,390.0
0,316.0,389.0
0,316.0,388.0
0,316.0,387.0
0,317.0,386.0
0,317.0,385.0
0,317.0,384.0
0,317.0,383.0
0,318.0,382.0
0,318.0,381.0
0,318.0,380.0
0,318.0,379.0
0,318.0,378.0
0,318.0,377.0
0,318.0,376.0
0,318.0,375.0
0,318.0,374.0
0,318.0,373.0
0,318.0,372.0
0,318.0,371.0
0,318.0,370.0
0,318.0,369.0
0,318.0,368.0
0,319.0,367.0
0,319.0,366.0
0,319.0,365.0
0,319.0,364.0
0,319.0,363.0
0,319.0,362.0
0,319.0,361.0
0,319.0,360.0
0,319.0,359.0
0,319.0,358.0
0,319.0,357.0
0,319.0,356.0
0,319.0,355.0
0,319.0,354.0
0,319.0,353.0
0,318.0,352.0
0,318.0,351.0
0,318.0,350.0
0,318.0,349.0
0,318.0,348.0
0,318.0,347.0
0,318.0,346.0
0,318.0,345.0
0,318.0,344.0
0,318.0,343.0
0,317.0,342.0
0,317.0,341.0
0,317.0,340.0
0,317.0,339.0
0,316.0,338.0
0,316.0,337.0
0,316.0,336.0
0,316.0,335.0
0,316.0,334.0
0,316.0,333.0
0,316.0,332.0
0,315.0,331.0
0,315.0,330.0
0,315.0,329.0
0,315.0,328.0
0,315.0,327.0
0,315.0,326.0
0,315.0,325.0
0,315.0,324.0
0,315.0,323.0
0,314.0,322.0
0,314.0,321.0
0,314.0,320.0
0,315.0,319.0
0,315.0,318.0
0,315.0,317.0
0,314.0,316.0
0,314.0,315.0
0,314.0,314.0
0,313.0,313.0
0,313.0,312.0
0,313.0,311.0
0,312.0,310.0
0,312.0,309.0
0,312.0,308.0
0,312.0,307.0
0,313.0,306.0
0,313.0,305.0
0,313.0,304.0
0,312.0,303.0
0,311.0,302.0
0,311.0,301.0
0,310.0,300.0
0,310.0,299.0
0,311.0,298.0
0,311.0,297.0
0,311.0,296.0
0,311.0,295.0
0,311.0,294.0
0,310.0,293.0
0,310.0,292.0
0,310.0,291.0
0,309.0,290.0
0,310.0,289.0
0,310.0,288.0
0,311.0,287.0
0,311.0,286.0
0,312.0,285.0
0,313.0,284.0
0,314.0,284.0
0,315.0,283.0
0,316.0,283.0
0,317.0,282.0
0,318.0,282.0
0,319.0,281.0
0,320.0,280.0
0,320.0,279.0
0,320.0,278.0
0,320.0,277.0
0,320.0,276.0
0,319.0,275.0
0,319.0,274.0
0,318.0,273.0
0,317.0,273.0
0,316.0,272.0
0,315.0,271.0
0,314.0,270.0
0,313.0,269.0
0,312.0,268.0
0,312.0,267.0
0,311.0,266.0
0,312.0,265.0
0,312.0,264.0
0,312.0,263.0
0,312.0,262.0
0,312.0,261.0
0,313.0,260.0
0,313.0,259.0
0,313.0,258.0
0,314.0,257.0
0,314.0,256.0
0,314.0,255.0
0,315.0,254.0
0,315.0,253.0
0,316.0,252.0
0,317.0,251.0
0,318.0,250.0
0,318.0,249.0
0,319.0,248.0
0,319.0,247.0
0,319.0,246.0
0,320.0,245.0
0,320.0,244.0
0,320.0,243.0
0,321.0,242.0
0,321.0,241.0
0,322.0,240.0
0,323.0,239.0
0,324.0,239.0
0,325.0,238.0
0,326.0,238.0
0,327.0,238.0
0,328.0,238.0
0,329.0,238.0
0,330.0,237.0
0,331.0,237.0
0,332.0,236.0
0,333.0,236.0
0,334.0,235.0
0,335.0,234.0
0,336.0,234.0
0,337.0,233.0
0,338.0,232.0
0,339.0,231.0
0,339.0,230.0
0,340.0,229.0
0,341.0,228.0
0,341.0,227.0
0,342.0,226.0
0,342.0,225.0
0,343.0,224.0
0,343.0,223.0
0,343.0,222.0
0,344.0,221.0
0,344.0,220.0
0,344.0,219.0
0,344.0,218.0
0,344.0,217.0
0,344.0,216.0
0,344.0,215.0
0,344.0,214.0
0,345.0,213.0
0,346.0,212.0
0,347.0,212.0
0,348.0,212.0
0,349.0,212.0
0,350.0,212.0
0,351.0,212.0
0,352.0,212.0
0,353.0,212.0
0,354.0,212.0
0,355.0,212.0
0,356.0,212.0
0,357.0,212.0
0,358.0,211.0
0,359.0,211.0
0,360.0,210.0
0,361.0,210.0
0,362.0,209.0
0,363.0,208.0
0,364.0,207.0
0,365.0,207.0
0,366.0,206.0
0,366.0,205.0
0,367.0,204.0
0,368.0,203.0
0,368.0,202.0
0,369.0,201.0
0,369.0,200.0
0,369.0,199.0
0,369.0,198.0
0,370.0,197.0
0,370.0,196.0
0,371.0,195.0
0,371.0,194.0
0,371.0,193.0
0,371.0,192.0
0,371.0,191.0
0,371.0,190.0
0,371.0,189.0
0,371.0,188.0
0,372.0,187.0
0,372.0,186.0
0,372.0,185.0
0,372.0,184.0
0,372.0,183.0
0,372.0,182.0
0,372.0,181.0
0,371.0,180.0
0,371.0,179.0
0,371.0,178.0
0,371.0,177.0
0,371.0,176.0
0,371.0,175.0
0,371.0,174.0
0,370.0,173.0
0,370.0,172.0
0,370.0,171.0
0,370.0,170.0
0,369.0,169.0
0,369.0,168.0
0,369.0,167.0
0,368.0,166.0
0,368.0,165.0
0,368.0,164.0
0,367.0,163.0
0,367.0,162.0
0,367.0,161.0
0,367.0,160.0
0,367.0,159.0
0,366.0,158.0
0,366.0,157.0
0,366.0,156.0
0,366.0,155.0
0,365.0,154.0
0,365.0,153.0
0,364.0,152.0
0,364.0,151.0
0,364.0,150.0
0,363.0,149.0
0,363.0,148.0
0,362.0,147.0
0,361.0,146.0
0,361.0,145.0
0,360.0,144.0
0,359.0,143.0
0,358.0,142.0
0,357.0,141.0
0,356.0,140.0
0,356.0,139.0
0,357.0,138.0
0,358.0,137.0
0,359.0,137.0
0,360.0,136.0
0,361.0,135.0
0,362.0,135.0
0,363.0,134.0
0,364.0,133.0
0,365.0,133.0
0,366.0,132.0
0,366.0,131.0
0,366.0,130.0
0,367.0,129.0
0,368.0,128.0
0,368.0,127.0
0,368.0,126.0
0,368.0,125.0
0,367.0,124.0
0,366.0,123.0
0,365.0,122.0
0,365.0,121.0
0,364.0,120.0
0,363.0,119.0
0,362.0,118.0
0,361.0,117.0
0,360.0,116.0
0,360.0,115.0
0,359.0,114.0
0,358.0,113.0
0,359.0,112.0
0,360.0,111.0
0,361.0,110.0
0,362.0,109.0
0,362.0,108.0
0,362.0,107.0
0,362.0,106.0
0,362.0,105.0
0,361.0,104.0
0,360.0,103.0
0,361.0,102.0
0,362.0,101.0
0,363.0,100.0
0,363.0,99.0
0,363.0,98.0
0,363.0,97.0
0,363.0,96.0
0,362.0,95.0
0,361.0,94.0
0,360.0,93.0
0,359.0,92.0
0,359.0,91.0
0,359.0,90.0
0,358.0,89.0
0,358.0,88.0
0,357.0,87.0
0,356.0,86.0
0,355.0,85.0
0,355.0,84.0
0,354.0,83.0
0,353.0,83.0
0,352.0,82.0
0,351.0,81.0
0,350.0,80.0
0,349.0,79.0
0,348.0,78.0
0,348.0,77.0
0,347.0,76.0
0,346.0,75.0
0,345.0,74.0
0,344.0,73.0
0,343.0,72.0
0,343.0,71.0
0,343.0,70.0
0,342.0,69.0
0,341.0,68.0
0,340.0,67.0
0,339.0,67.0
0,338.0,66.0
0,337.0,65.0
0,336.0,64.0
0,336.0,63.0
0,335.0,62.0
0,334.0,61.0
0,334.0,60.0
0,334.0,59.0
0,333.0,58.0
0,332.0,57.0
0,331.0,57.0
0,330.0,56.0
0,329.0,56.0
0,328.0,56.0
0,327.0,56.0
0,326.0,55.0
0,325.0,55.0
0,324.0,54.0
0,323.0,55.0
0,322.0,54.0
0,321.0,54.0
0,320.0,54.0
0,319.0,53.0
0,318.0,53.0
0,317.0,53.0
0,316.0,53.0
0,315.0,53.0
0,314.0,53.0
0,313.0,53.0
0,312.0,53.0
0,311.0,53.0
0,310.0,53.0
0,309.0,53.0
0,308.0,53.0
