kind,X,Y,Z,unit
corner,-18.60,-120.68,362.32,mm
corner,121.81,-57.98,350.56,mm
corner,21.69,150.43,318.20,mm
corner,-115.95,86.07,330.24,mm
feature,-95.09,65.45,333.23,mm
feature,-76.56,96.18,327.72,mm
feature,-77.64,25.63,339.60,mm
feature,-76.84,18.78,340.61,mm
feature,-75.29,30.07,338.45,mm
feature,-69.81,96.84,327.52,mm
feature,-70.76,25.20,339.29,mm
feature,-59.55,32.84,337.92,mm
feature,-59.11,29.94,338.61,mm
feature,-59.34,4.75,342.45,mm
feature,-55.70,103.51,326.19,mm
feature,-53.92,33.63,337.71,mm
feature,-50.16,31.68,337.64,mm
feature,-47.78,36.36,337.44,mm
feature,-46.47,34.93,337.75,mm
feature,-46.57,18.51,340.13,mm
feature,-42.60,116.12,324.08,mm
feature,-41.60,110.72,325.00,mm
feature,-41.78,25.38,339.15,mm
feature,-41.71,28.85,338.70,mm
feature,-39.21,116.70,324.16,mm
feature,-37.96,115.87,324.39,mm
feature,-37.53,118.42,323.61,mm
feature,-36.18,108.12,325.87,mm
feature,-35.42,22.86,339.79,mm
feature,-34.34,19.88,340.52,mm
feature,-30.45,110.84,325.33,mm
feature,-31.42,28.40,339.07,mm
feature,-29.74,116.65,324.07,mm
feature,-30.12,23.68,339.72,mm
feature,-28.37,24.19,339.67,mm
feature,-28.48,22.55,340.05,mm
feature,-26.61,27.82,339.09,mm
feature,-26.05,23.45,339.87,mm
feature,-19.23,116.19,323.80,mm
feature,-19.96,29.92,338.80,mm
feature,-17.82,122.88,322.93,mm
feature,-17.96,34.82,338.07,mm
feature,-16.48,69.91,331.89,mm
feature,-15.90,115.65,324.42,mm
feature,-8.01,91.26,327.62,mm
feature,-7.47,109.55,324.96,mm
feature,-5.84,60.53,332.96,mm
feature,-3.35,40.74,336.35,mm
feature,-2.85,45.44,335.55,mm
feature,-3.05,36.00,337.58,mm
feature,-2.57,29.12,338.67,mm
feature,-2.11,32.58,337.75,mm
feature,-2.13,39.27,336.76,mm
feature,-1.48,30.55,338.36,mm
feature,-0.55,117.90,323.75,mm
feature,-0.30,122.84,322.71,mm
feature,0.28,62.62,332.30,mm
feature,1.38,114.08,324.36,mm
feature,1.60,37.80,336.87,mm
feature,2.47,42.66,335.99,mm
feature,3.71,47.95,334.74,mm
feature,3.91,117.59,323.43,mm
feature,5.28,137.35,320.28,mm
feature,5.90,46.05,335.14,mm
feature,5.77,92.13,327.51,mm
feature,7.42,56.04,333.34,mm
feature,7.61,43.57,335.63,mm
feature,7.84,51.38,334.28,mm
feature,7.92,64.79,331.66,mm
feature,7.85,93.09,327.33,mm
feature,7.77,126.42,322.32,mm
feature,10.25,34.14,337.28,mm
feature,9.80,120.19,323.25,mm
feature,10.41,48.85,334.42,mm
feature,10.95,57.96,332.87,mm
feature,10.97,61.66,332.24,mm
feature,11.49,42.46,335.73,mm
feature,11.83,49.49,334.34,mm
feature,12.03,90.16,327.77,mm
feature,12.50,50.19,334.20,mm
feature,12.46,85.93,328.48,mm
feature,13.68,34.68,337.09,mm
feature,14.57,-12.63,345.56,mm
feature,14.47,40.56,335.90,mm
feature,15.68,-99.48,358.01,mm
feature,14.05,134.13,320.86,mm
feature,14.49,128.58,321.78,mm
feature,15.08,68.81,331.04,mm
feature,15.56,49.56,334.26,mm
feature,16.06,55.54,333.26,mm
feature,16.10,121.66,322.92,mm
feature,16.54,122.35,322.78,mm
feature,18.49,-90.07,356.74,mm
feature,17.07,90.04,327.89,mm
feature,17.39,124.38,322.53,mm
feature,18.35,71.20,330.59,mm
feature,18.93,53.94,333.42,mm
feature,18.47,121.60,322.96,mm
feature,19.41,68.57,331.14,mm
feature,19.79,49.44,334.01,mm
feature,19.66,125.02,322.27,mm
feature,20.24,109.94,324.80,mm
feature,21.83,121.80,322.69,mm
feature,22.07,126.03,322.33,mm
feature,24.81,-95.27,357.57,mm
feature,23.39,56.30,332.93,mm
feature,22.94,93.73,327.37,mm
feature,24.68,34.19,336.66,mm
feature,25.94,-81.11,355.38,mm
feature,24.11,120.48,323.14,mm
feature,25.58,31.72,336.88,mm
feature,25.29,53.92,333.15,mm
feature,26.63,53.25,333.41,mm
feature,28.46,-82.67,355.88,mm
feature,25.86,122.77,322.73,mm
feature,26.16,94.37,327.22,mm
feature,27.26,57.07,332.74,mm
feature,27.38,70.52,330.51,mm
feature,29.83,-79.44,355.19,mm
feature,27.24,113.55,324.26,mm
feature,27.21,119.83,323.49,mm
feature,28.04,71.61,330.51,mm
feature,28.34,55.14,333.08,mm
feature,28.71,63.17,331.93,mm
feature,28.16,96.14,326.89,mm
feature,28.97,69.00,331.35,mm
feature,29.07,95.21,327.16,mm
feature,29.99,56.37,332.80,mm
feature,29.09,121.87,323.15,mm
feature,30.37,55.08,333.07,mm
feature,30.00,89.16,327.93,mm
feature,30.72,97.40,326.83,mm
feature,31.66,60.34,332.37,mm
feature,31.62,95.64,326.97,mm
feature,31.68,101.36,326.16,mm
feature,31.74,108.14,325.69,mm
feature,33.09,57.59,332.63,mm
feature,32.28,103.62,325.78,mm
feature,33.37,49.60,333.84,mm
feature,33.57,63.70,331.83,mm
feature,33.95,64.75,331.51,mm
feature,33.94,69.68,330.73,mm
feature,34.16,71.40,330.56,mm
feature,34.75,53.94,333.19,mm
feature,33.93,106.69,325.31,mm
feature,34.94,56.47,332.78,mm
feature,34.06,105.67,325.44,mm
feature,34.34,98.23,326.61,mm
feature,35.06,64.36,331.66,mm
feature,34.63,110.82,324.83,mm
feature,35.45,71.37,330.62,mm
feature,34.91,114.93,324.37,mm
feature,35.10,103.44,325.80,mm
feature,35.20,104.55,325.86,mm
feature,36.10,62.28,331.82,mm
feature,36.42,72.45,330.41,mm
feature,36.98,67.09,331.24,mm
feature,37.24,55.61,332.94,mm
feature,37.21,58.66,332.14,mm
feature,37.47,65.49,331.48,mm
feature,38.45,41.96,335.01,mm
feature,37.55,110.08,324.99,mm
feature,38.88,55.10,333.10,mm
feature,39.14,72.34,330.34,mm
feature,39.46,69.31,330.96,mm
feature,40.29,38.40,335.70,mm
feature,40.15,48.08,334.06,mm
feature,40.74,34.33,336.25,mm
feature,40.22,68.15,330.86,mm
feature,40.01,104.21,325.87,mm
feature,40.04,104.24,325.84,mm
feature,42.37,27.77,337.25,mm
feature,42.03,63.84,331.77,mm
feature,42.30,53.12,333.29,mm
feature,43.65,41.83,335.01,mm
feature,42.80,80.52,329.25,mm
feature,45.41,53.03,333.39,mm
feature,44.87,75.23,330.13,mm
feature,45.59,59.61,332.30,mm
feature,46.25,41.72,335.19,mm
feature,46.16,45.86,334.53,mm
feature,46.60,53.56,333.30,mm
feature,47.17,42.50,335.10,mm
feature,46.89,57.02,332.74,mm
feature,48.00,33.88,336.63,mm
feature,47.56,52.33,333.53,mm
feature,47.88,48.24,334.24,mm
feature,47.30,78.15,329.54,mm
feature,48.70,46.20,334.50,mm
feature,51.70,-69.37,354.09,mm
feature,49.11,57.00,332.79,mm
feature,48.75,75.79,329.99,mm
feature,49.86,63.91,331.78,mm
feature,50.29,57.81,332.71,mm
feature,50.82,53.28,333.32,mm
feature,51.83,30.70,337.03,mm
feature,50.72,70.22,331.00,mm
feature,50.77,67.47,331.05,mm
feature,52.11,49.95,333.93,mm
feature,52.19,51.90,333.59,mm
feature,51.81,75.81,330.20,mm
feature,53.31,28.26,337.62,mm
feature,52.70,75.05,330.31,mm
feature,54.08,54.21,333.38,mm
feature,55.43,20.06,338.66,mm
feature,56.21,22.99,338.26,mm
feature,56.71,18.96,338.57,mm
feature,55.95,53.81,333.21,mm
feature,55.64,69.10,331.38,mm
feature,56.53,39.97,335.45,mm
feature,56.31,66.61,331.64,mm
feature,56.51,71.75,331.15,mm
feature,57.68,40.10,335.39,mm
feature,57.87,38.27,335.83,mm
feature,58.39,46.19,334.52,mm
feature,59.55,19.84,338.76,mm
feature,58.37,58.29,332.78,mm
feature,58.71,51.48,333.91,mm
feature,60.66,14.80,339.60,mm
feature,59.91,35.81,336.18,mm
feature,60.20,28.38,337.39,mm
feature,59.68,63.60,332.41,mm
feature,60.32,50.92,333.93,mm
feature,61.28,23.44,338.04,mm
feature,61.06,34.47,336.48,mm
feature,60.32,58.98,332.91,mm
feature,61.58,52.90,333.70,mm
feature,62.03,48.67,334.25,mm
feature,64.27,29.42,337.23,mm
feature,63.94,36.13,335.95,mm
feature,64.85,18.95,338.80,mm
feature,65.66,29.31,337.18,mm
feature,66.22,20.80,338.44,mm
feature,66.16,38.95,335.69,mm
feature,66.88,18.30,338.96,mm
feature,66.58,34.50,336.36,mm
feature,67.64,31.48,336.72,mm
feature,68.37,29.99,337.10,mm
feature,68.65,23.89,337.98,mm
feature,68.47,37.16,335.95,mm
feature,68.98,27.55,337.45,mm
feature,70.29,40.27,335.81,mm
feature,70.57,38.49,335.93,mm
feature,71.61,26.91,337.69,mm
feature,73.41,-17.84,344.73,mm
feature,73.23,30.33,336.83,mm
feature,73.55,36.23,336.56,mm
feature,76.13,28.63,337.72,mm
feature,78.06,25.77,338.06,mm
feature,95.42,-8.67,343.75,mm
